canonical_smiles;assay_chembl_id;standard_value;value;action_type;activity_comment;activity_id;activity_properties;assay_description;assay_type;assay_variant_accession;assay_variant_mutation;bao_endpoint;bao_format;bao_label;data_validity_comment;data_validity_description;document_chembl_id;document_journal;document_year;ligand_efficiency;molecule_chembl_id;molecule_pref_name;parent_molecule_chembl_id;pchembl_value;potential_duplicate;qudt_units;record_id;relation;src_id;standard_flag;standard_relation;standard_text_value;standard_type;standard_units;standard_upper_value;target_chembl_id;target_organism;target_pref_name;target_tax_id;text_value;toid;type;units;uo_units;upper_value;is_mutant
C(=C(c1ccc(OCCN2CCCCCC2)cc1)c1ccc(OCCN2CCCCCC2)cc1)c1ccccc1;CHEMBL3100300;870.0;0.87;;;13871024;[];Noncompetitive inhibition of chymotrypsin-like activity of human 20S proteasome beta 5 subunit assessed as hydrolysis of succinyl-LLVY-AMC fluorogenic substrate Lineweaver-Burk plot analysis;B;;;BAO_0000192;BAO_0000357;single protein format;;;CHEMBL3098012;Eur J Med Chem;2014;{'bei': '11.25', 'le': '0.21', 'lle': '-1.73', 'sei': '24.30'};CHEMBL3099624;;CHEMBL3099624;6.06;0;http://www.openphacts.org/units/Nanomolar;1956838;=;1;1;=;;Ki;nM;;CHEMBL4662;Homo sapiens;Proteasome Macropain subunit MB1;9606;;;Ki;uM;UO_0000065;;False
C/C=C\NC(=O)[C@H]1NC(=O)[C@H](CC(N)=O)CC(=O)[C@@H](NC(=O)C(=O)[C@@H](C)CC)Cc2ccc(O)c(c2)-c2cccc3c2NC(=O)[C@@]3(O)[C@@H]1O;CHEMBL2345515;2.3;2.3;;;12697108;[];Competitive inhibition of chymotrypsin-like activity of human constitutive 20s proteasome beta-5 subunit using Suc-LLVY-AMC as substrate assessed as inhibition constant for dissociation of enzyme-inhibitor complex incubated for 15 mins prior to substrate addition measured after 45 mins by fluorescence assay;B;;;BAO_0000192;BAO_0000357;single protein format;;;CHEMBL2331312;J Med Chem;2013;{'bei': '12.75', 'le': '0.24', 'lle': '8.84', 'sei': '3.40'};CHEMBL2337848;;CHEMBL2337848;8.64;0;http://www.openphacts.org/units/Nanomolar;1873122;=;1;1;=;;Ki;nM;;CHEMBL4662;Homo sapiens;Proteasome Macropain subunit MB1;9606;;;Ki;nM;UO_0000065;;False
C=CCN1CCN(c2ccn(CC(=O)N[C@@H](CC(C)C)B(O)O)c(=O)c2)CC1;CHEMBL2388793;5900.0;5.9;;;13322914;[];Inhibition of human 20S proteasome chymotrypsin like activity using Suc-Leu-Leu-Val-Tyr-AMC as substrate measured over 10 mins by fluorescence assay;B;;;BAO_0000192;BAO_0000357;single protein format;;;CHEMBL2384970;Eur J Med Chem;2013;{'bei': '13.40', 'le': None, 'lle': None, 'sei': None};CHEMBL2385816;;CHEMBL2385816;5.23;0;http://www.openphacts.org/units/Nanomolar;1896030;=;1;1;=;;Ki;nM;;CHEMBL4662;Homo sapiens;Proteasome Macropain subunit MB1;9606;;;Ki;uM;UO_0000065;;False
CC(C)CC(NC(=O)C(CO)NC(=O)OCc1ccccc1)C(=O)NC(Cc1ccc(O)cc1)C(N)=O;CHEMBL3860288;2180.0;2.18;;;16751986;[];Competitive inhibition of chymotrypsin-like activity of human 20S proteasome using Suc-Leu-Leu-Val-Tyr-AMC as substrate measured for 10 mins by fluorescence assay;B;;;BAO_0000192;BAO_0000357;single protein format;;;CHEMBL3860032;Eur J Med Chem;2016;{'bei': '11.00', 'le': '0.21', 'lle': '4.94', 'sei': '3.14'};CHEMBL3977256;;CHEMBL3977256;5.66;0;http://www.openphacts.org/units/Nanomolar;2800230;=;1;1;=;;Ki;nM;;CHEMBL4662;Homo sapiens;Proteasome Macropain subunit MB1;9606;;;Ki;uM;UO_0000065;;False
CC(C)CCNC(=O)Cn1cc(Br)c2ncccc2c1=O;CHEMBL3239238;560.0;0.56;;;14583688;[];Inhibition of chymotrypsin-like activity of human 20S proteasome beta 5 subunit assessed as Suc-Leu-Leu-Val-Tyr-AMC substrate hydrolysis after 10 mins by fluorometric analysis;B;;;BAO_0000192;BAO_0000357;single protein format;;;CHEMBL3232790;Eur J Med Chem;2014;{'bei': '17.75', 'le': '0.41', 'lle': '3.93', 'sei': '9.77'};CHEMBL3233441;;CHEMBL3233441;6.25;0;http://www.openphacts.org/units/Nanomolar;2081714;=;1;1;=;;Ki;nM;;CHEMBL4662;Homo sapiens;Proteasome Macropain subunit MB1;9606;;;Ki;uM;UO_0000065;;False
CC(C)CCNC(=O)Cn1ccc(N2CCOCC2)cc1=O;CHEMBL3239238;7670.0;7.67;;;14583699;[];Inhibition of chymotrypsin-like activity of human 20S proteasome beta 5 subunit assessed as Suc-Leu-Leu-Val-Tyr-AMC substrate hydrolysis after 10 mins by fluorometric analysis;B;;;BAO_0000192;BAO_0000357;single protein format;;;CHEMBL3232790;Eur J Med Chem;2014;{'bei': '16.64', 'le': '0.32', 'lle': '4.27', 'sei': '8.05'};CHEMBL3233447;;CHEMBL3233447;5.12;0;http://www.openphacts.org/units/Nanomolar;2081725;=;1;1;=;;Ki;nM;;CHEMBL4662;Homo sapiens;Proteasome Macropain subunit MB1;9606;;;Ki;uM;UO_0000065;;False
CC(C)CCNC(=O)Cn1ccc(Nc2ccccc2)cc1=O;CHEMBL3239238;330.0;0.33;;;14583695;[];Inhibition of chymotrypsin-like activity of human 20S proteasome beta 5 subunit assessed as Suc-Leu-Leu-Val-Tyr-AMC substrate hydrolysis after 10 mins by fluorometric analysis;B;;;BAO_0000192;BAO_0000357;single protein format;;;CHEMBL3232790;Eur J Med Chem;2014;{'bei': '20.68', 'le': '0.38', 'lle': '3.73', 'sei': '10.27'};CHEMBL3233445;;CHEMBL3233445;6.48;0;http://www.openphacts.org/units/Nanomolar;2081721;=;1;1;=;;Ki;nM;;CHEMBL4662;Homo sapiens;Proteasome Macropain subunit MB1;9606;;;Ki;uM;UO_0000065;;False
CC(C)CCNC(=O)Cn1ccc2c(c1=O)CCCN2;CHEMBL3239238;10100.0;10.1;;;14583692;[];Inhibition of chymotrypsin-like activity of human 20S proteasome beta 5 subunit assessed as Suc-Leu-Leu-Val-Tyr-AMC substrate hydrolysis after 10 mins by fluorometric analysis;B;;;BAO_0000192;BAO_0000357;single protein format;;;CHEMBL3232790;Eur J Med Chem;2014;{'bei': '18.01', 'le': '0.34', 'lle': '3.63', 'sei': '7.91'};CHEMBL3233443;;CHEMBL3233443;5.0;0;http://www.openphacts.org/units/Nanomolar;2081718;=;1;1;=;;Ki;nM;;CHEMBL4662;Homo sapiens;Proteasome Macropain subunit MB1;9606;;;Ki;uM;UO_0000065;;False
CC(C)CCNC(=O)Cn1ccc2ccc(Br)cc2c1=O;CHEMBL5144654;4390.0;4.39;{'action_type': 'INHIBITOR', 'description': 'Negatively effects (inhibits) the normal functioning of the protein e.g., prevention of enzymatic reaction or activation of downstream pathway', 'parent_type': 'NEGATIVE MODULATOR'};;24836811;[{'comments': None, 'relation': '=', 'result_flag': 0, 'standard_relation': '=', 'standard_text_value': None, 'standard_type': 'Dose', 'standard_units': 'mg/ml', 'standard_value': '0.004', 'text_value': None, 'type': 'Dose', 'units': 'mg/ml', 'value': '0.004'}, {'comments': None, 'relation': '=', 'result_flag': 0, 'standard_relation': '=', 'standard_text_value': None, 'standard_type': 'TIME', 'standard_units': 'hr', 'standard_value': '0.1667', 'text_value': None, 'type': 'Time', 'units': 'min', 'value': '10.0'}];Inhibition of chymotrypsin-like activity of human 20s immuno proteasome beta5i subunit assessed as substrate hydrolysis using Suc-Leu-Leu-Val-Tyr-AMC as flurogenic substrate at 0.004 mg/ml measured for 10 mins by fluorescence assay;B;;;BAO_0000192;BAO_0000357;single protein format;;;CHEMBL5143533;Bioorg Med Chem Lett;2022;{'bei': '15.25', 'le': '0.35', 'lle': '2.43', 'sei': '10.48'};CHEMBL3287947;;CHEMBL3287947;5.36;0;http://www.openphacts.org/units/Nanomolar;3879249;=;1;1;=;;Ki;nM;;CHEMBL4662;Homo sapiens;Proteasome Macropain subunit MB1;9606;;;Ki;uM;UO_0000065;;False
CC(C)C[C@@H](C=O)NC(=O)[C@H](CC(C)C)NC(=O)[C@H](CC(C)C)NC(=O)OCc1ccccc1;CHEMBL3860288;1.4;0.0014;;;16751992;[];Competitive inhibition of chymotrypsin-like activity of human 20S proteasome using Suc-Leu-Leu-Val-Tyr-AMC as substrate measured for 10 mins by fluorescence assay;B;;;BAO_0000192;BAO_0000357;single protein format;;;CHEMBL3860032;Eur J Med Chem;2016;{'bei': '18.62', 'le': '0.36', 'lle': '5.26', 'sei': '7.79'};CHEMBL64925;MG-132;CHEMBL64925;8.85;0;http://www.openphacts.org/units/Nanomolar;2800267;=;1;1;=;;Ki;nM;;CHEMBL4662;Homo sapiens;Proteasome Macropain subunit MB1;9606;;;Ki;uM;UO_0000065;;False
CC(C)C[C@@H](C=O)NC(=O)[C@H](CC(C)C)NC(=O)[C@H](CC(C)C)NC(=O)OCc1ccccc1;CHEMBL4185009;70.0;0.07;;;18481423;[];Inhibition of 20s immunoproteasome beta5 chymotrypsin-like activity in human spleen using Suc-Leu-Leu-Val-Tyr-AMC as substrate after 10 mins by fluorescence assay;B;;;BAO_0000192;BAO_0000357;single protein format;;;CHEMBL4184119;Bioorg Med Chem Lett;2018;{'bei': '15.04', 'le': '0.29', 'lle': '3.56', 'sei': '6.30'};CHEMBL64925;MG-132;CHEMBL64925;7.16;0;http://www.openphacts.org/units/Nanomolar;3067427;=;1;1;=;;Ki;nM;;CHEMBL4662;Homo sapiens;Proteasome Macropain subunit MB1;9606;;;Ki;uM;UO_0000065;;False
CC(C)C[C@@H](C=O)NC(=O)[C@H](CC(C)C)NC(=O)[C@H](CC(C)C)NC(=O)OCc1ccccc1;CHEMBL861973;3.7;0.0037;;;1714464;[];Inhibition of chymotrypsin-like proteasome activity of human 20S proteasome;B;;;BAO_0000192;BAO_0000357;single protein format;;;CHEMBL1147675;J Med Chem;2006;{'bei': '17.73', 'le': '0.34', 'lle': '4.84', 'sei': '7.42'};CHEMBL64925;MG-132;CHEMBL64925;8.43;0;http://www.openphacts.org/units/Nanomolar;471633;=;1;1;=;;Ki;nM;;CHEMBL4662;Homo sapiens;Proteasome Macropain subunit MB1;9606;;;Ki app;uM;UO_0000065;;False
CC(C)C[C@H](NC(=O)CN1C=CC(N2CCCCC2)CC1=O)B(O)O;CHEMBL3239238;300.0;0.3;;;14583702;[];Inhibition of chymotrypsin-like activity of human 20S proteasome beta 5 subunit assessed as Suc-Leu-Leu-Val-Tyr-AMC substrate hydrolysis after 10 mins by fluorometric analysis;B;;;BAO_0000192;BAO_0000357;single protein format;;;CHEMBL3232790;Eur J Med Chem;2014;{'bei': '18.57', 'le': None, 'lle': None, 'sei': None};CHEMBL3233450;;CHEMBL3233450;6.52;0;http://www.openphacts.org/units/Nanomolar;2081728;=;1;1;=;;Ki;nM;;CHEMBL4662;Homo sapiens;Proteasome Macropain subunit MB1;9606;;;Ki;uM;UO_0000065;;False
CC(C)C[C@H](NC(=O)CN1C=CC(N2CCOCC2)CC1=O)B(O)O;CHEMBL3239238;1450.0;1.45;;;14583700;[];Inhibition of chymotrypsin-like activity of human 20S proteasome beta 5 subunit assessed as Suc-Leu-Leu-Val-Tyr-AMC substrate hydrolysis after 10 mins by fluorometric analysis;B;;;BAO_0000192;BAO_0000357;single protein format;;;CHEMBL3232790;Eur J Med Chem;2014;{'bei': '16.53', 'le': None, 'lle': None, 'sei': None};CHEMBL3233448;;CHEMBL3233448;5.84;0;http://www.openphacts.org/units/Nanomolar;2081726;=;1;1;=;;Ki;nM;;CHEMBL4662;Homo sapiens;Proteasome Macropain subunit MB1;9606;;;Ki;uM;UO_0000065;;False
CC(C)C[C@H](NC(=O)CNC(=O)c1cc(Cl)ccc1Cl)B1OC(=O)C(CC(=O)O)(CC(=O)O)O1;CHEMBL5620825;0.93;0.93;{'action_type': 'INHIBITOR', 'description': 'Negatively effects (inhibits) the normal functioning of the protein e.g., prevention of enzymatic reaction or activation of downstream pathway', 'parent_type': 'NEGATIVE MODULATOR'};;26133923;[];Binding affinity to 20s proteasome beta5 site (unknown origin) mediated chymotrypsin-like activity assessed as inhibition constant;B;;;BAO_0000192;BAO_0000357;single protein format;;;CHEMBL5620349;Eur J Med Chem;2023;{'bei': '17.46', 'le': None, 'lle': None, 'sei': None};CHEMBL3545432;IXAZOMIB CITRATE;CHEMBL3545432;9.03;0;http://www.openphacts.org/units/Nanomolar;4126859;=;1;1;=;;Ki;nM;;CHEMBL4662;Homo sapiens;Proteasome Macropain subunit MB1;9606;;;Ki;nM;UO_0000065;;False
CC(C)C[C@H](NC(=O)Cn1cc(Br)c2ncccc2c1=O)B(O)O;CHEMBL2388793;170.0;0.17;;;13322911;[];Inhibition of human 20S proteasome chymotrypsin like activity using Suc-Leu-Leu-Val-Tyr-AMC as substrate measured over 10 mins by fluorescence assay;B;;;BAO_0000192;BAO_0000357;single protein format;;;CHEMBL2384970;Eur J Med Chem;2013;{'bei': '17.09', 'le': None, 'lle': None, 'sei': None};CHEMBL2385819;;CHEMBL2385819;6.77;0;http://www.openphacts.org/units/Nanomolar;1896033;=;1;1;=;;Ki;nM;;CHEMBL4662;Homo sapiens;Proteasome Macropain subunit MB1;9606;;;Ki;uM;UO_0000065;;False
CC(C)C[C@H](NC(=O)Cn1ccc(N2CCCCC2)cc1=O)B(O)O;CHEMBL2388793;300.0;0.3;;;13322916;[];Inhibition of human 20S proteasome chymotrypsin like activity using Suc-Leu-Leu-Val-Tyr-AMC as substrate measured over 10 mins by fluorescence assay;B;;;BAO_0000192;BAO_0000357;single protein format;;;CHEMBL2384970;Eur J Med Chem;2013;{'bei': '18.68', 'le': None, 'lle': None, 'sei': None};CHEMBL2385813;;CHEMBL2385813;6.52;0;http://www.openphacts.org/units/Nanomolar;1896027;=;1;1;=;;Ki;nM;;CHEMBL4662;Homo sapiens;Proteasome Macropain subunit MB1;9606;;;Ki;uM;UO_0000065;;False
CC(C)C[C@H](NC(=O)Cn1ccc(N2CCOCC2)cc1=O)B(O)O;CHEMBL2388793;1450.0;1.45;;;13322917;[];Inhibition of human 20S proteasome chymotrypsin like activity using Suc-Leu-Leu-Val-Tyr-AMC as substrate measured over 10 mins by fluorescence assay;B;;;BAO_0000192;BAO_0000357;single protein format;;;CHEMBL2384970;Eur J Med Chem;2013;{'bei': '16.62', 'le': None, 'lle': None, 'sei': None};CHEMBL2385812;;CHEMBL2385812;5.84;0;http://www.openphacts.org/units/Nanomolar;1896026;=;1;1;=;;Ki;nM;;CHEMBL4662;Homo sapiens;Proteasome Macropain subunit MB1;9606;;;Ki;uM;UO_0000065;;False
CC(C)C[C@H](NC(=O)Cn1ccc(Nc2ccccc2)cc1=O)B(O)O;CHEMBL2388793;98.0;0.098;;;13322915;[];Inhibition of human 20S proteasome chymotrypsin like activity using Suc-Leu-Leu-Val-Tyr-AMC as substrate measured over 10 mins by fluorescence assay;B;;;BAO_0000192;BAO_0000357;single protein format;;;CHEMBL2384970;Eur J Med Chem;2013;{'bei': '19.62', 'le': None, 'lle': None, 'sei': None};CHEMBL2385814;;CHEMBL2385814;7.01;0;http://www.openphacts.org/units/Nanomolar;1896028;=;1;1;=;;Ki;nM;;CHEMBL4662;Homo sapiens;Proteasome Macropain subunit MB1;9606;;;Ki;uM;UO_0000065;;False
CC(C)C[C@H](NC(=O)Cn1ccc2c(c1=O)CCCN2C)B(O)O;CHEMBL2388793;1620.0;1.62;;;13322910;[];Inhibition of human 20S proteasome chymotrypsin like activity using Suc-Leu-Leu-Val-Tyr-AMC as substrate measured over 10 mins by fluorescence assay;B;;;BAO_0000192;BAO_0000357;single protein format;;;CHEMBL2384970;Eur J Med Chem;2013;{'bei': '17.27', 'le': None, 'lle': None, 'sei': None};CHEMBL2385820;;CHEMBL2385820;5.79;0;http://www.openphacts.org/units/Nanomolar;1896034;=;1;1;=;;Ki;nM;;CHEMBL4662;Homo sapiens;Proteasome Macropain subunit MB1;9606;;;Ki;uM;UO_0000065;;False
CC(C)C[C@H](NC(=O)Cn1ccc2ncccc2c1=O)B(O)O;CHEMBL2388793;440.0;0.44;;;13322913;[];Inhibition of human 20S proteasome chymotrypsin like activity using Suc-Leu-Leu-Val-Tyr-AMC as substrate measured over 10 mins by fluorescence assay;B;;;BAO_0000192;BAO_0000357;single protein format;;;CHEMBL2384970;Eur J Med Chem;2013;{'bei': '20.04', 'le': None, 'lle': None, 'sei': None};CHEMBL2385817;;CHEMBL2385817;6.36;0;http://www.openphacts.org/units/Nanomolar;1896031;=;1;1;=;;Ki;nM;;CHEMBL4662;Homo sapiens;Proteasome Macropain subunit MB1;9606;;;Ki;uM;UO_0000065;;False
CC(C)C[C@H](NC(=O)Cn1ccccc1=O)B(O)O;CHEMBL2388793;260.0;0.26;;;13322919;[];Inhibition of human 20S proteasome chymotrypsin like activity using Suc-Leu-Leu-Val-Tyr-AMC as substrate measured over 10 mins by fluorescence assay;B;;;BAO_0000192;BAO_0000357;single protein format;;;CHEMBL2384970;Eur J Med Chem;2013;{'bei': '24.75', 'le': None, 'lle': None, 'sei': None};CHEMBL2385810;;CHEMBL2385810;6.58;0;http://www.openphacts.org/units/Nanomolar;1896024;=;1;1;=;;Ki;nM;;CHEMBL4662;Homo sapiens;Proteasome Macropain subunit MB1;9606;;;Ki;uM;UO_0000065;;False
CC(C)C[C@H](NC(=O)[C@H](C)NC(=O)[C@H](CC(=O)NCC(C)(C)C)NS(=O)(=O)N(C)C)C(=O)c1nnc(C(C)C)o1;CHEMBL861973;38.0;0.038;;;1709343;[];Inhibition of chymotrypsin-like proteasome activity of human 20S proteasome;B;;;BAO_0000192;BAO_0000357;single protein format;;;CHEMBL1147675;J Med Chem;2006;{'bei': '12.62', 'le': '0.25', 'lle': '6.69', 'sei': '3.85'};CHEMBL383122;;CHEMBL383122;7.42;0;http://www.openphacts.org/units/Nanomolar;471625;=;1;1;=;;Ki;nM;;CHEMBL4662;Homo sapiens;Proteasome Macropain subunit MB1;9606;;;Ki app;uM;UO_0000065;;False
CC(C)C[C@H](NC(=O)[C@H](C)NC(=O)[C@H](CC(=O)NCC(C)(C)C)NS(C)(=O)=O)C(=O)c1nnc(-c2ccccc2)o1;CHEMBL861973;5.7;0.0057;;;1710695;[];Inhibition of chymotrypsin-like proteasome activity of human 20S proteasome;B;;;BAO_0000192;BAO_0000357;single protein format;;;CHEMBL1147675;J Med Chem;2006;{'bei': '13.91', 'le': '0.27', 'lle': '6.81', 'sei': '4.35'};CHEMBL207160;;CHEMBL207160;8.24;0;http://www.openphacts.org/units/Nanomolar;471620;=;1;1;=;;Ki;nM;;CHEMBL4662;Homo sapiens;Proteasome Macropain subunit MB1;9606;;;Ki app;uM;UO_0000065;;False
CC(C)C[C@H](NC(=O)[C@H](C)n1ccc2ncccc2c1=O)B(O)O;CHEMBL2388793;1340.0;1.34;;;13322912;[];Inhibition of human 20S proteasome chymotrypsin like activity using Suc-Leu-Leu-Val-Tyr-AMC as substrate measured over 10 mins by fluorescence assay;B;;;BAO_0000192;BAO_0000357;single protein format;;;CHEMBL2384970;Eur J Med Chem;2013;{'bei': '17.73', 'le': None, 'lle': None, 'sei': None};CHEMBL2385818;;CHEMBL2385818;5.87;0;http://www.openphacts.org/units/Nanomolar;1896032;=;1;1;=;;Ki;nM;;CHEMBL4662;Homo sapiens;Proteasome Macropain subunit MB1;9606;;;Ki;uM;UO_0000065;;False
CC(C)C[C@H](NC(=O)[C@H](CC(C)C)NC(=O)[C@H](CC(C)C)NC(=O)OCc1ccccc1)B(O)O;CHEMBL861973;2.3;0.0023;;;1714465;[];Inhibition of chymotrypsin-like proteasome activity of human 20S proteasome;B;;;BAO_0000192;BAO_0000357;single protein format;;;CHEMBL1147675;J Med Chem;2006;{'bei': '17.58', 'le': None, 'lle': None, 'sei': None};CHEMBL114388;;CHEMBL114388;8.64;0;http://www.openphacts.org/units/Nanomolar;471632;=;1;1;=;;Ki;nM;;CHEMBL4662;Homo sapiens;Proteasome Macropain subunit MB1;9606;;;Ki app;uM;UO_0000065;;False
CC(C)C[C@H](NC(=O)[C@H](CO)NC(=O)OCc1ccccc1)C(=O)N[C@@H](Cc1ccc(O)cc1)C(=O)NN;CHEMBL3860288;10980.0;10.98;;;16751988;[];Competitive inhibition of chymotrypsin-like activity of human 20S proteasome using Suc-Leu-Leu-Val-Tyr-AMC as substrate measured for 10 mins by fluorescence assay;B;;;BAO_0000192;BAO_0000357;single protein format;;;CHEMBL3860032;Eur J Med Chem;2016;{'bei': '9.36', 'le': '0.18', 'lle': '4.73', 'sei': '2.58'};CHEMBL3961750;;CHEMBL3961750;4.96;0;http://www.openphacts.org/units/Nanomolar;2800255;=;1;1;=;;Ki;nM;;CHEMBL4662;Homo sapiens;Proteasome Macropain subunit MB1;9606;;;Ki;uM;UO_0000065;;False
CC(C)C[C@H](NC(=O)[C@H](Cc1ccccc1)NC(=O)Cc1ccc(O)cc1)B(O)O;CHEMBL4682121;0.13;0.13;{'action_type': 'INHIBITOR', 'description': 'Negatively effects (inhibits) the normal functioning of the protein e.g., prevention of enzymatic reaction or activation of downstream pathway', 'parent_type': 'NEGATIVE MODULATOR'};;22456284;[];Binding affinity to human 20S constitutive proteasome beta 5 subunit assessed as equilibrium constant using fluorogenic peptide Ac-WLA-AMC as substrate in presence of PA28alpha by fluorescence based microplate reader assay;B;;;BAO_0000192;BAO_0000357;single protein format;;;CHEMBL4680111;J Med Chem;2018;{'bei': '23.98', 'le': None, 'lle': None, 'sei': None};CHEMBL4749207;;CHEMBL4749207;9.89;0;http://www.openphacts.org/units/Nanomolar;3519533;=;1;1;=;;Ki;nM;;CHEMBL4662;Homo sapiens;Proteasome Macropain subunit MB1;9606;;;Ki;nM;UO_0000065;;False
CC(C)C[C@H](NC(=O)[C@H](Cc1ccccc1)NC(=O)c1cnccn1)B(O)O;CHEMBL2388793;0.6;0.0006;;;13322909;[];Inhibition of human 20S proteasome chymotrypsin like activity using Suc-Leu-Leu-Val-Tyr-AMC as substrate measured over 10 mins by fluorescence assay;B;;;BAO_0000192;BAO_0000357;single protein format;;;CHEMBL2384970;Eur J Med Chem;2013;{'bei': '24.00', 'le': None, 'lle': None, 'sei': None};CHEMBL325041;BORTEZOMIB;CHEMBL325041;9.22;0;http://www.openphacts.org/units/Nanomolar;1896035;=;1;1;=;;Ki;nM;;CHEMBL4662;Homo sapiens;Proteasome Macropain subunit MB1;9606;;;Ki;uM;UO_0000065;;False
CC(C)C[C@H](NC(=O)[C@H](Cc1ccccc1)NC(=O)c1cnccn1)B(O)O;CHEMBL3226237;0.55;0.55;;;14528999;[];Inhibition of 20S proteasome beta5 subunit (unknown origin) assessed as formation of reversible adduct with N-terminal threonine;B;;;BAO_0000192;BAO_0000357;single protein format;;;CHEMBL3217672;Medchemcomm;2012;{'bei': '24.10', 'le': None, 'lle': None, 'sei': None};CHEMBL325041;BORTEZOMIB;CHEMBL325041;9.26;0;http://www.openphacts.org/units/Nanomolar;2073398;=;1;1;=;;Ki;nM;;CHEMBL4662;Homo sapiens;Proteasome Macropain subunit MB1;9606;;;Ki;nM;UO_0000065;;False
CC(C)C[C@H](NC(=O)[C@H](Cc1ccccc1)NC(=O)c1cnccn1)B(O)O;CHEMBL3239238;9.8;0.0098;;;14583703;[];Inhibition of chymotrypsin-like activity of human 20S proteasome beta 5 subunit assessed as Suc-Leu-Leu-Val-Tyr-AMC substrate hydrolysis after 10 mins by fluorometric analysis;B;;;BAO_0000192;BAO_0000357;single protein format;;;CHEMBL3232790;Eur J Med Chem;2014;{'bei': '20.84', 'le': None, 'lle': None, 'sei': None};CHEMBL325041;BORTEZOMIB;CHEMBL325041;8.01;0;http://www.openphacts.org/units/Nanomolar;2081729;=;1;1;=;;Ki;nM;;CHEMBL4662;Homo sapiens;Proteasome Macropain subunit MB1;9606;;;Ki;uM;UO_0000065;;False
CC(C)[C@H](NC(=O)N[C@H](C(=O)N[C@H]1/C=C/CCNC(=O)/C=C/[C@H](C(C)C)NC1=O)C(C)C)C(=O)O;CHEMBL3631541;843.0;843.0;;;15751913;[];Inhibition of proteasome beta-5 (unknown origin);B;;;BAO_0000192;BAO_0000357;single protein format;;;CHEMBL3627672;Bioorg Med Chem Lett;2015;{'bei': '12.31', 'le': '0.24', 'lle': '5.39', 'sei': '3.67'};CHEMBL1236043;;CHEMBL1236043;6.07;0;http://www.openphacts.org/units/Nanomolar;2506878;=;1;1;=;;Ki;nM;;CHEMBL4662;Homo sapiens;Proteasome Macropain subunit MB1;9606;;;Ki;nM;UO_0000065;;False
CC(C)[C@H](NC(=O)N[C@H](C(=O)N[C@H]1CCCCNC(=O)/C=C/[C@H](C(C)C)NC1=O)C(C)C)C(=O)O;CHEMBL5551614;7778.0;7778.0;{'action_type': 'INHIBITOR', 'description': 'Negatively effects (inhibits) the normal functioning of the protein e.g., prevention of enzymatic reaction or activation of downstream pathway', 'parent_type': 'NEGATIVE MODULATOR'};;25995158;[];Inhibition of 20S proteasome beta-5 (unknown origin);B;;;BAO_0000192;BAO_0000357;single protein format;;;CHEMBL5550143;Bioorg Med Chem;2024;{'bei': '10.31', 'le': '0.20', 'lle': '4.21', 'sei': '3.08'};CHEMBL1236118;;CHEMBL1236118;5.11;0;http://www.openphacts.org/units/Nanomolar;4086157;=;1;1;=;;Ki;nM;;CHEMBL4662;Homo sapiens;Proteasome Macropain subunit MB1;9606;;;Ki;nM;UO_0000065;;False
CCC(=C(c1ccc(OCCN2CCCCCC2)cc1)c1ccc(OCCN2CCCCCC2)cc1)c1ccccc1;CHEMBL3100300;580.0;0.58;;;13871036;[];Noncompetitive inhibition of chymotrypsin-like activity of human 20S proteasome beta 5 subunit assessed as hydrolysis of succinyl-LLVY-AMC fluorogenic substrate Lineweaver-Burk plot analysis;B;;;BAO_0000192;BAO_0000357;single protein format;;;CHEMBL3098012;Eur J Med Chem;2014;{'bei': '11.00', 'le': '0.20', 'lle': '-2.33', 'sei': '25.01'};CHEMBL3099618;;CHEMBL3099618;6.24;0;http://www.openphacts.org/units/Nanomolar;1956831;=;1;1;=;;Ki;nM;;CHEMBL4662;Homo sapiens;Proteasome Macropain subunit MB1;9606;;;Ki;uM;UO_0000065;;False
CCCCCCCCCC(=O)N[C@@H](Cc1ccccc1)C(=O)N[C@H]1/C=C/CCNC(=O)/C=C/[C@H](C(C)C)NC1=O;CHEMBL3631541;0.14;0.14;;;15751912;[];Inhibition of proteasome beta-5 (unknown origin);B;;;BAO_0000192;BAO_0000357;single protein format;;;CHEMBL3627672;Bioorg Med Chem Lett;2015;{'bei': '17.83', 'le': '0.34', 'lle': '5.74', 'sei': '8.47'};CHEMBL3629678;;CHEMBL3629678;9.85;0;http://www.openphacts.org/units/Nanomolar;2508924;=;1;1;=;;Ki;nM;;CHEMBL4662;Homo sapiens;Proteasome Macropain subunit MB1;9606;;;Ki;nM;UO_0000065;;False
CCCCCCCCCC(=O)N[C@@H](Cc1ccccc1)C(=O)N[C@H]1/C=C/CCNC(=O)/C=C/[C@H](C(C)C)NC1=O;CHEMBL5551614;1.6;1.6;{'action_type': 'INHIBITOR', 'description': 'Negatively effects (inhibits) the normal functioning of the protein e.g., prevention of enzymatic reaction or activation of downstream pathway', 'parent_type': 'NEGATIVE MODULATOR'};;25995160;[];Inhibition of 20S proteasome beta-5 (unknown origin);B;;;BAO_0000192;BAO_0000357;single protein format;;;CHEMBL5550143;Bioorg Med Chem;2024;{'bei': '15.91', 'le': '0.30', 'lle': '4.69', 'sei': '7.56'};CHEMBL3629678;;CHEMBL3629678;8.8;0;http://www.openphacts.org/units/Nanomolar;4086158;=;1;1;=;;Ki;nM;;CHEMBL4662;Homo sapiens;Proteasome Macropain subunit MB1;9606;;;Ki;nM;UO_0000065;;False
CCCCCCCCCC(=O)N[C@@H](Cc1ccccc1)C(=O)N[C@H]1CCCCNC(=O)/C=C/[C@H](C(C)C)NC1=O;CHEMBL5551614;46.0;46.0;{'action_type': 'INHIBITOR', 'description': 'Negatively effects (inhibits) the normal functioning of the protein e.g., prevention of enzymatic reaction or activation of downstream pathway', 'parent_type': 'NEGATIVE MODULATOR'};;25995159;[];Inhibition of 20S proteasome beta-5 (unknown origin);B;;;BAO_0000192;BAO_0000357;single protein format;;;CHEMBL5550143;Bioorg Med Chem;2024;{'bei': '13.23', 'le': '0.25', 'lle': '3.00', 'sei': '6.30'};CHEMBL5571946;;CHEMBL5571946;7.34;0;http://www.openphacts.org/units/Nanomolar;4086137;=;1;1;=;;Ki;nM;;CHEMBL4662;Homo sapiens;Proteasome Macropain subunit MB1;9606;;;Ki;nM;UO_0000065;;False
CCCCNC(=O)/C=C/Cn1ccc2cc(OC)c(OC)cc2c1=O;CHEMBL5144643;19000.0;19.0;{'action_type': 'INHIBITOR', 'description': 'Negatively effects (inhibits) the normal functioning of the protein e.g., prevention of enzymatic reaction or activation of downstream pathway', 'parent_type': 'NEGATIVE MODULATOR'};;24836781;[{'comments': None, 'relation': '=', 'result_flag': 0, 'standard_relation': '=', 'standard_text_value': None, 'standard_type': 'Dose', 'standard_units': 'microM', 'standard_value': '100.0', 'text_value': None, 'type': 'Dose', 'units': 'microM', 'value': '100.0'}];Inhibition of 20S constitutive proteosome beta5c subunit (unknown origin) assessed as substrate hydrolysis using Suc-Leu-Leu-Val-Tyr-AMC as fluorogenic substrate at 100 uM;B;;;BAO_0000192;BAO_0000357;single protein format;;;CHEMBL5143533;Bioorg Med Chem Lett;2022;{'bei': '13.71', 'le': '0.26', 'lle': '2.23', 'sei': '6.79'};CHEMBL5192242;;CHEMBL5192242;4.72;0;http://www.openphacts.org/units/Nanomolar;3879241;=;1;1;=;;Ki;nM;;CHEMBL4662;Homo sapiens;Proteasome Macropain subunit MB1;9606;;;Ki;uM;UO_0000065;;False
CCN(CC)c1ccn(CC(=O)N[C@@H](CC(C)C)B(O)O)c(=O)c1;CHEMBL2388793;800.0;0.8;;;13322918;[];Inhibition of human 20S proteasome chymotrypsin like activity using Suc-Leu-Leu-Val-Tyr-AMC as substrate measured over 10 mins by fluorescence assay;B;;;BAO_0000192;BAO_0000357;single protein format;;;CHEMBL2384970;Eur J Med Chem;2013;{'bei': '18.08', 'le': None, 'lle': None, 'sei': None};CHEMBL2385811;;CHEMBL2385811;6.1;0;http://www.openphacts.org/units/Nanomolar;1896025;=;1;1;=;;Ki;nM;;CHEMBL4662;Homo sapiens;Proteasome Macropain subunit MB1;9606;;;Ki;uM;UO_0000065;;False
CCc1cccc(Nc2ccn(CCC(=O)N[C@@H](CC(C)C)B(O)O)c(=O)c2)c1;CHEMBL4367680;17.0;0.017;;;19095632;[];Inhibition of human chymotrypsin-like activity of 20S proteasome (unknown origin);B;;;BAO_0000192;BAO_0000357;single protein format;;;CHEMBL4364300;Eur J Med Chem;2019;{'bei': '19.46', 'le': None, 'lle': None, 'sei': None};CHEMBL4458610;;CHEMBL4458610;7.77;0;http://www.openphacts.org/units/Nanomolar;3185713;=;1;1;=;;Ki;nM;;CHEMBL4662;Homo sapiens;Proteasome Macropain subunit MB1;9606;;;Ki;uM;UO_0000065;;False
CN/C(=N\CCSCc1ccc2ccccc2n1)NS(=O)(=O)c1ccccc1;CHEMBL3860288;2120.0;2.12;;;16751987;[];Competitive inhibition of chymotrypsin-like activity of human 20S proteasome using Suc-Leu-Leu-Val-Tyr-AMC as substrate measured for 10 mins by fluorescence assay;B;;;BAO_0000192;BAO_0000357;single protein format;;;CHEMBL3860032;Eur J Med Chem;2016;{'bei': '13.69', 'le': '0.28', 'lle': '2.65', 'sei': '6.80'};CHEMBL3929092;;CHEMBL3929092;5.67;0;http://www.openphacts.org/units/Nanomolar;2800249;=;1;1;=;;Ki;nM;;CHEMBL4662;Homo sapiens;Proteasome Macropain subunit MB1;9606;;;Ki;uM;UO_0000065;;False
COC(=O)[C@@H](NC(=O)N[C@@H](Cc1ccccc1)C(=O)N[C@H]1CCCCNC(=O)/C=C/[C@H](C(C)C)NC1=O)C(C)C;CHEMBL3615140;949.8;0.9498;;;15700370;[];Inhibition of human 20S proteasome beta5 subunit using Suc-LLVY-AMC as substrate by fluorescence assay;B;;;BAO_0000192;BAO_0000357;single protein format;;;CHEMBL3612027;Bioorg Med Chem;2015;{'bei': '10.80', 'le': '0.21', 'lle': '4.44', 'sei': '3.89'};CHEMBL3613825;;CHEMBL3613825;6.02;0;http://www.openphacts.org/units/Nanomolar;2500428;=;1;1;=;;Ki;nM;;CHEMBL4662;Homo sapiens;Proteasome Macropain subunit MB1;9606;;;Ki;uM;UO_0000065;;False
COC(=O)[C@@H](NC(=O)N[C@@H](Cc1ccccc1)C(=O)N[C@H]1CCCCNC(=O)/C=C/[C@H](Cc2c[nH]c3ccccc23)NC1=O)C(C)C;CHEMBL3615140;385.2;0.3852;;;15700374;[];Inhibition of human 20S proteasome beta5 subunit using Suc-LLVY-AMC as substrate by fluorescence assay;B;;;BAO_0000192;BAO_0000357;single protein format;;;CHEMBL3612027;Bioorg Med Chem;2015;{'bei': '9.95', 'le': '0.19', 'lle': '3.77', 'sei': '3.76'};CHEMBL3613827;;CHEMBL3613827;6.41;0;http://www.openphacts.org/units/Nanomolar;2500430;=;1;1;=;;Ki;nM;;CHEMBL4662;Homo sapiens;Proteasome Macropain subunit MB1;9606;;;Ki;uM;UO_0000065;;False
COC(=O)[C@@H](NC(=O)N[C@@H](Cc1ccccc1)C(=O)N[C@H]1CCCCNC(=O)/C=C/[C@H](Cc2ccccc2)NC1=O)C(C)C;CHEMBL3615140;447.0;0.447;;;15700372;[];Inhibition of human 20S proteasome beta5 subunit using Suc-LLVY-AMC as substrate by fluorescence assay;B;;;BAO_0000192;BAO_0000357;single protein format;;;CHEMBL3612027;Bioorg Med Chem;2015;{'bei': '10.48', 'le': '0.20', 'lle': '4.19', 'sei': '4.10'};CHEMBL3613826;;CHEMBL3613826;6.35;0;http://www.openphacts.org/units/Nanomolar;2500429;=;1;1;=;;Ki;nM;;CHEMBL4662;Homo sapiens;Proteasome Macropain subunit MB1;9606;;;Ki;uM;UO_0000065;;False
COC(=O)[C@@H](NC(=O)N[C@H](C(=O)N[C@H]1CCCCNC(=O)/C=C/[C@H](C(C)C)NC1=O)C(C)C)C(C)C;CHEMBL3615140;2120.0;2.12;;;15700344;[];Inhibition of human 20S proteasome beta5 subunit using Suc-LLVY-AMC as substrate by fluorescence assay;B;;;BAO_0000192;BAO_0000357;single protein format;;;CHEMBL3612027;Bioorg Med Chem;2015;{'bei': '11.13', 'le': '0.22', 'lle': '4.68', 'sei': '3.67'};CHEMBL3613812;;CHEMBL3613812;5.67;0;http://www.openphacts.org/units/Nanomolar;2500415;=;1;1;=;;Ki;nM;;CHEMBL4662;Homo sapiens;Proteasome Macropain subunit MB1;9606;;;Ki;uM;UO_0000065;;False
COC(=O)[C@@H](NC(=O)N[C@H](C(=O)N[C@H]1CCCCNC(=O)/C=C/[C@H](CC(C)C)NC1=O)C(C)C)C(C)C;CHEMBL3615140;3231.0;3.231;;;15700346;[];Inhibition of human 20S proteasome beta5 subunit using Suc-LLVY-AMC as substrate by fluorescence assay;B;;;BAO_0000192;BAO_0000357;single protein format;;;CHEMBL3612027;Bioorg Med Chem;2015;{'bei': '10.48', 'le': '0.20', 'lle': '4.11', 'sei': '3.55'};CHEMBL3613813;;CHEMBL3613813;5.49;0;http://www.openphacts.org/units/Nanomolar;2500416;=;1;1;=;;Ki;nM;;CHEMBL4662;Homo sapiens;Proteasome Macropain subunit MB1;9606;;;Ki;uM;UO_0000065;;False
COC(=O)[C@@H](NC(=O)N[C@H](C(=O)N[C@H]1CCCCNC(=O)/C=C/[C@H](Cc2c[nH]c3ccccc23)NC1=O)C(C)C)C(C)C;CHEMBL3615140;1711.0;1.711;;;15700368;[];Inhibition of human 20S proteasome beta5 subunit using Suc-LLVY-AMC as substrate by fluorescence assay;B;;;BAO_0000192;BAO_0000357;single protein format;;;CHEMBL3612027;Bioorg Med Chem;2015;{'bei': '9.66', 'le': '0.18', 'lle': '3.71', 'sei': '3.38'};CHEMBL3613824;;CHEMBL3613824;5.77;0;http://www.openphacts.org/units/Nanomolar;2500427;=;1;1;=;;Ki;nM;;CHEMBL4662;Homo sapiens;Proteasome Macropain subunit MB1;9606;;;Ki;uM;UO_0000065;;False
COC(=O)[C@@H](NC(=O)N[C@H](C(=O)N[C@H]1CCCCNC(=O)/C=C/[C@H](Cc2cc(F)cc(F)c2)NC1=O)C(C)C)C(C)C;CHEMBL3615140;951.9;0.9519;;;15700356;[];Inhibition of human 20S proteasome beta5 subunit using Suc-LLVY-AMC as substrate by fluorescence assay;B;;;BAO_0000192;BAO_0000357;single protein format;;;CHEMBL3612027;Bioorg Med Chem;2015;{'bei': '10.14', 'le': '0.20', 'lle': '4.17', 'sei': '3.89'};CHEMBL3613818;;CHEMBL3613818;6.02;0;http://www.openphacts.org/units/Nanomolar;2500421;=;1;1;=;;Ki;nM;;CHEMBL4662;Homo sapiens;Proteasome Macropain subunit MB1;9606;;;Ki;uM;UO_0000065;;False
COC(=O)[C@@H](NC(=O)N[C@H](C(=O)N[C@H]1CCCCNC(=O)/C=C/[C@H](Cc2ccc(C)cc2)NC1=O)C(C)C)C(C)C;CHEMBL3615140;1140.0;1.14;;;15700366;[];Inhibition of human 20S proteasome beta5 subunit using Suc-LLVY-AMC as substrate by fluorescence assay;B;;;BAO_0000192;BAO_0000357;single protein format;;;CHEMBL3612027;Bioorg Med Chem;2015;{'bei': '10.40', 'le': '0.20', 'lle': '4.06', 'sei': '3.84'};CHEMBL3613823;;CHEMBL3613823;5.94;0;http://www.openphacts.org/units/Nanomolar;2500426;=;1;1;=;;Ki;nM;;CHEMBL4662;Homo sapiens;Proteasome Macropain subunit MB1;9606;;;Ki;uM;UO_0000065;;False
COC(=O)[C@@H](NC(=O)N[C@H](C(=O)N[C@H]1CCCCNC(=O)/C=C/[C@H](Cc2ccc(Cl)cc2)NC1=O)C(C)C)C(C)C;CHEMBL3615140;1237.0;1.237;;;15700362;[];Inhibition of human 20S proteasome beta5 subunit using Suc-LLVY-AMC as substrate by fluorescence assay;B;;;BAO_0000192;BAO_0000357;single protein format;;;CHEMBL3612027;Bioorg Med Chem;2015;{'bei': '9.98', 'le': '0.20', 'lle': '3.68', 'sei': '3.82'};CHEMBL3613821;;CHEMBL3613821;5.91;0;http://www.openphacts.org/units/Nanomolar;2500424;=;1;1;=;;Ki;nM;;CHEMBL4662;Homo sapiens;Proteasome Macropain subunit MB1;9606;;;Ki;uM;UO_0000065;;False
COC(=O)[C@@H](NC(=O)N[C@H](C(=O)N[C@H]1CCCCNC(=O)/C=C/[C@H](Cc2cccc(C(F)(F)F)c2)NC1=O)C(C)C)C(C)C;CHEMBL3615140;7575.0;7.575;;;15700350;[];Inhibition of human 20S proteasome beta5 subunit using Suc-LLVY-AMC as substrate by fluorescence assay;B;;;BAO_0000192;BAO_0000357;single protein format;;;CHEMBL3612027;Bioorg Med Chem;2015;{'bei': '8.18', 'le': '0.16', 'lle': '2.52', 'sei': '3.31'};CHEMBL3613815;;CHEMBL3613815;5.12;0;http://www.openphacts.org/units/Nanomolar;2500418;=;1;1;=;;Ki;nM;;CHEMBL4662;Homo sapiens;Proteasome Macropain subunit MB1;9606;;;Ki;uM;UO_0000065;;False
COC(=O)[C@@H](NC(=O)N[C@H](C(=O)N[C@H]1CCCCNC(=O)/C=C/[C@H](Cc2cccc(C)c2)NC1=O)C(C)C)C(C)C;CHEMBL3615140;2347.0;2.347;;;15700364;[];Inhibition of human 20S proteasome beta5 subunit using Suc-LLVY-AMC as substrate by fluorescence assay;B;;;BAO_0000192;BAO_0000357;single protein format;;;CHEMBL3612027;Bioorg Med Chem;2015;{'bei': '9.85', 'le': '0.19', 'lle': '3.75', 'sei': '3.64'};CHEMBL3613822;;CHEMBL3613822;5.63;0;http://www.openphacts.org/units/Nanomolar;2500425;=;1;1;=;;Ki;nM;;CHEMBL4662;Homo sapiens;Proteasome Macropain subunit MB1;9606;;;Ki;uM;UO_0000065;;False
COC(=O)[C@@H](NC(=O)N[C@H](C(=O)N[C@H]1CCCCNC(=O)/C=C/[C@H](Cc2cccc(Cl)c2)NC1=O)C(C)C)C(C)C;CHEMBL3615140;963.1;0.9631;;;15700360;[];Inhibition of human 20S proteasome beta5 subunit using Suc-LLVY-AMC as substrate by fluorescence assay;B;;;BAO_0000192;BAO_0000357;single protein format;;;CHEMBL3612027;Bioorg Med Chem;2015;{'bei': '10.16', 'le': '0.20', 'lle': '3.79', 'sei': '3.89'};CHEMBL3613820;;CHEMBL3613820;6.02;0;http://www.openphacts.org/units/Nanomolar;2500423;=;1;1;=;;Ki;nM;;CHEMBL4662;Homo sapiens;Proteasome Macropain subunit MB1;9606;;;Ki;uM;UO_0000065;;False
COC(=O)[C@@H](NC(=O)N[C@H](C(=O)N[C@H]1CCCCNC(=O)/C=C/[C@H](Cc2cccc(F)c2)NC1=O)C(C)C)C(C)C;CHEMBL3615140;591.6;0.5916;;;15700354;[];Inhibition of human 20S proteasome beta5 subunit using Suc-LLVY-AMC as substrate by fluorescence assay;B;;;BAO_0000192;BAO_0000357;single protein format;;;CHEMBL3612027;Bioorg Med Chem;2015;{'bei': '10.82', 'le': '0.21', 'lle': '4.51', 'sei': '4.03'};CHEMBL3613817;;CHEMBL3613817;6.23;0;http://www.openphacts.org/units/Nanomolar;2500420;=;1;1;=;;Ki;nM;;CHEMBL4662;Homo sapiens;Proteasome Macropain subunit MB1;9606;;;Ki;uM;UO_0000065;;False
COC(=O)[C@@H](NC(=O)N[C@H](C(=O)N[C@H]1CCCCNC(=O)/C=C/[C@H](Cc2ccccc2)NC1=O)C(C)C)C(C)C;CHEMBL3615140;743.4;0.7434;;;15700348;[];Inhibition of human 20S proteasome beta5 subunit using Suc-LLVY-AMC as substrate by fluorescence assay;B;;;BAO_0000192;BAO_0000357;single protein format;;;CHEMBL3612027;Bioorg Med Chem;2015;{'bei': '10.99', 'le': '0.21', 'lle': '4.55', 'sei': '3.96'};CHEMBL3613814;;CHEMBL3613814;6.13;0;http://www.openphacts.org/units/Nanomolar;2500417;=;1;1;=;;Ki;nM;;CHEMBL4662;Homo sapiens;Proteasome Macropain subunit MB1;9606;;;Ki;uM;UO_0000065;;False
COC(=O)[C@@H](NC(=O)N[C@H](C(=O)N[C@H]1CCCCNC(=O)/C=C/[C@H](Cc2ccccc2Cl)NC1=O)C(C)C)C(C)C;CHEMBL3615140;2113.0;2.113;;;15700358;[];Inhibition of human 20S proteasome beta5 subunit using Suc-LLVY-AMC as substrate by fluorescence assay;B;;;BAO_0000192;BAO_0000357;single protein format;;;CHEMBL3612027;Bioorg Med Chem;2015;{'bei': '9.58', 'le': '0.19', 'lle': '3.45', 'sei': '3.67'};CHEMBL3613819;;CHEMBL3613819;5.67;0;http://www.openphacts.org/units/Nanomolar;2500422;=;1;1;=;;Ki;nM;;CHEMBL4662;Homo sapiens;Proteasome Macropain subunit MB1;9606;;;Ki;uM;UO_0000065;;False
COC(=O)[C@@H](NC(=O)N[C@H](C(=O)N[C@H]1CCCCNC(=O)/C=C/[C@H](Cc2ccccc2F)NC1=O)C(C)C)C(C)C;CHEMBL3615140;906.2;0.9062;;;15700352;[];Inhibition of human 20S proteasome beta5 subunit using Suc-LLVY-AMC as substrate by fluorescence assay;B;;;BAO_0000192;BAO_0000357;single protein format;;;CHEMBL3612027;Bioorg Med Chem;2015;{'bei': '10.50', 'le': '0.20', 'lle': '4.32', 'sei': '3.91'};CHEMBL3613816;;CHEMBL3613816;6.04;0;http://www.openphacts.org/units/Nanomolar;2500419;=;1;1;=;;Ki;nM;;CHEMBL4662;Homo sapiens;Proteasome Macropain subunit MB1;9606;;;Ki;uM;UO_0000065;;False
COC(=O)[C@H](CC(C)C)NC(=O)[C@H](Cc1ccccc1)NC(=O)[C@H](CO)NC(=O)OCc1ccccc1;CHEMBL3860288;10260.0;10.26;;;16751990;[];Competitive inhibition of chymotrypsin-like activity of human 20S proteasome using Suc-Leu-Leu-Val-Tyr-AMC as substrate measured for 10 mins by fluorescence assay;B;;;BAO_0000192;BAO_0000357;single protein format;;;CHEMBL3860032;Eur J Med Chem;2016;{'bei': '9.71', 'le': '0.18', 'lle': '3.28', 'sei': '3.49'};CHEMBL3612421;;CHEMBL3612421;4.99;0;http://www.openphacts.org/units/Nanomolar;2800258;=;1;1;=;;Ki;nM;;CHEMBL4662;Homo sapiens;Proteasome Macropain subunit MB1;9606;;;Ki;uM;UO_0000065;;False
COC(=O)[C@H](CO)NC(=O)[C@H](CC(C)C)NC(=O)[C@H](CC(C)C)NC(=O)OCc1ccccc1;CHEMBL3860288;420.0;0.42;;;16751991;[];Competitive inhibition of chymotrypsin-like activity of human 20S proteasome using Suc-Leu-Leu-Val-Tyr-AMC as substrate measured for 10 mins by fluorescence assay;B;;;BAO_0000192;BAO_0000357;single protein format;;;CHEMBL3860032;Eur J Med Chem;2016;{'bei': '13.30', 'le': '0.26', 'lle': '4.87', 'sei': '4.46'};CHEMBL3919583;;CHEMBL3919583;6.38;0;http://www.openphacts.org/units/Nanomolar;2800259;=;1;1;=;;Ki;nM;;CHEMBL4662;Homo sapiens;Proteasome Macropain subunit MB1;9606;;;Ki;uM;UO_0000065;;False
COC(=O)[C@H](Cc1ccc(O)cc1)NC(=O)[C@H](CC(C)C)NC(=O)[C@H](CO)NC(=O)OCc1ccccc1;CHEMBL3860288;4700.0;4.7;;;16751989;[];Competitive inhibition of chymotrypsin-like activity of human 20S proteasome using Suc-Leu-Leu-Val-Tyr-AMC as substrate measured for 10 mins by fluorescence assay;B;;;BAO_0000192;BAO_0000357;single protein format;;;CHEMBL3860032;Eur J Med Chem;2016;{'bei': '10.06', 'le': '0.19', 'lle': '3.92', 'sei': '3.26'};CHEMBL3612420;;CHEMBL3612420;5.33;0;http://www.openphacts.org/units/Nanomolar;2800256;=;1;1;=;;Ki;nM;;CHEMBL4662;Homo sapiens;Proteasome Macropain subunit MB1;9606;;;Ki;uM;UO_0000065;;False
COC[C@H](NC(=O)[C@H](CC(=O)NCC(C)(C)C)NS(=O)(=O)c1ccc(C)cc1)C(=O)N[C@@H](CC(C)C)C(=O)c1nnc(-c2ccccc2)o1;CHEMBL861973;0.72;0.00072;;;1709329;[];Inhibition of chymotrypsin-like proteasome activity of human 20S proteasome;B;;;BAO_0000192;BAO_0000357;single protein format;;;CHEMBL1147675;J Med Chem;2006;{'bei': '13.08', 'le': '0.25', 'lle': '6.35', 'sei': '4.60'};CHEMBL377532;;CHEMBL377532;9.14;0;http://www.openphacts.org/units/Nanomolar;471623;=;1;1;=;;Ki;nM;;CHEMBL4662;Homo sapiens;Proteasome Macropain subunit MB1;9606;;;Ki app;uM;UO_0000065;;False
COC[C@H](NC(=O)[C@H](COCc1ccccc1)NS(=O)(=O)c1ccc(C)cc1)C(=O)N[C@@H](CC(C)C)C(=O)c1nnc(-c2ccccc2)o1;CHEMBL861973;32.0;0.032;;;1709345;[];Inhibition of chymotrypsin-like proteasome activity of human 20S proteasome;B;;;BAO_0000192;BAO_0000357;single protein format;;;CHEMBL1147675;J Med Chem;2006;{'bei': '10.83', 'le': '0.21', 'lle': '4.04', 'sei': '4.19'};CHEMBL207425;;CHEMBL207425;7.5;0;http://www.openphacts.org/units/Nanomolar;471628;=;1;1;=;;Ki;nM;;CHEMBL4662;Homo sapiens;Proteasome Macropain subunit MB1;9606;;;Ki app;uM;UO_0000065;;False
COc1cc(/C=C2\NC(=S)N(c3ccccc3)C2=O)ccc1O;CHEMBL4185009;11500.0;11.5;;;18481420;[];Inhibition of 20s immunoproteasome beta5 chymotrypsin-like activity in human spleen using Suc-Leu-Leu-Val-Tyr-AMC as substrate after 10 mins by fluorescence assay;B;;;BAO_0000192;BAO_0000357;single protein format;;;CHEMBL4184119;Bioorg Med Chem Lett;2018;{'bei': '15.13', 'le': '0.29', 'lle': '2.28', 'sei': '7.99'};CHEMBL4208777;;CHEMBL4208777;4.94;0;http://www.openphacts.org/units/Nanomolar;3067420;=;1;1;=;;Ki;nM;;CHEMBL4662;Homo sapiens;Proteasome Macropain subunit MB1;9606;;;Ki;uM;UO_0000065;;False
COc1cc2ccn(C/C=C/C(=O)NC3CCCCC3)c(=O)c2cc1OC;CHEMBL5144643;23000.0;23.0;{'action_type': 'INHIBITOR', 'description': 'Negatively effects (inhibits) the normal functioning of the protein e.g., prevention of enzymatic reaction or activation of downstream pathway', 'parent_type': 'NEGATIVE MODULATOR'};;24836780;[{'comments': None, 'relation': '=', 'result_flag': 0, 'standard_relation': '=', 'standard_text_value': None, 'standard_type': 'Dose', 'standard_units': 'microM', 'standard_value': '100.0', 'text_value': None, 'type': 'Dose', 'units': 'microM', 'value': '100.0'}];Inhibition of 20S constitutive proteosome beta5c subunit (unknown origin) assessed as substrate hydrolysis using Suc-Leu-Leu-Val-Tyr-AMC as fluorogenic substrate at 100 uM;B;;;BAO_0000192;BAO_0000357;single protein format;;;CHEMBL5143533;Bioorg Med Chem Lett;2022;{'bei': '12.52', 'le': '0.23', 'lle': '1.62', 'sei': '6.67'};CHEMBL5196430;;CHEMBL5196430;4.64;0;http://www.openphacts.org/units/Nanomolar;3879248;=;1;1;=;;Ki;nM;;CHEMBL4662;Homo sapiens;Proteasome Macropain subunit MB1;9606;;;Ki;uM;UO_0000065;;False
COc1cc2ccn(C/C=C/C(=O)NCCC(C)C)c(=O)c2cc1OC;CHEMBL5144643;1180.0;1.18;{'action_type': 'INHIBITOR', 'description': 'Negatively effects (inhibits) the normal functioning of the protein e.g., prevention of enzymatic reaction or activation of downstream pathway', 'parent_type': 'NEGATIVE MODULATOR'};;24836782;[{'comments': None, 'relation': '=', 'result_flag': 0, 'standard_relation': '=', 'standard_text_value': None, 'standard_type': 'Dose', 'standard_units': 'microM', 'standard_value': '100.0', 'text_value': None, 'type': 'Dose', 'units': 'microM', 'value': '100.0'}];Inhibition of 20S constitutive proteosome beta5c subunit (unknown origin) assessed as substrate hydrolysis using Suc-Leu-Leu-Val-Tyr-AMC as fluorogenic substrate at 100 uM;B;;;BAO_0000192;BAO_0000357;single protein format;;;CHEMBL5143533;Bioorg Med Chem Lett;2022;{'bei': '16.54', 'le': '0.31', 'lle': '3.19', 'sei': '8.52'};CHEMBL5182479;;CHEMBL5182479;5.93;0;http://www.openphacts.org/units/Nanomolar;3879242;=;1;1;=;;Ki;nM;;CHEMBL4662;Homo sapiens;Proteasome Macropain subunit MB1;9606;;;Ki;uM;UO_0000065;;False
COc1cc2ccn(C/C=C/C(=O)NCCCc3ccccc3)c(=O)c2cc1OC;CHEMBL5144643;10610.0;10.61;{'action_type': 'INHIBITOR', 'description': 'Negatively effects (inhibits) the normal functioning of the protein e.g., prevention of enzymatic reaction or activation of downstream pathway', 'parent_type': 'NEGATIVE MODULATOR'};;24836779;[{'comments': None, 'relation': '=', 'result_flag': 0, 'standard_relation': '=', 'standard_text_value': None, 'standard_type': 'Dose', 'standard_units': 'microM', 'standard_value': '100.0', 'text_value': None, 'type': 'Dose', 'units': 'microM', 'value': '100.0'}];Inhibition of 20S constitutive proteosome beta5c subunit (unknown origin) assessed as substrate hydrolysis using Suc-Leu-Leu-Val-Tyr-AMC as fluorogenic substrate at 100 uM;B;;;BAO_0000192;BAO_0000357;single protein format;;;CHEMBL5143533;Bioorg Med Chem Lett;2022;{'bei': '12.24', 'le': '0.23', 'lle': '1.65', 'sei': '7.15'};CHEMBL5172870;;CHEMBL5172870;4.97;0;http://www.openphacts.org/units/Nanomolar;3879247;=;1;1;=;;Ki;nM;;CHEMBL4662;Homo sapiens;Proteasome Macropain subunit MB1;9606;;;Ki;uM;UO_0000065;;False
COc1cc2ccn(C/C=C/C(=O)NCCc3ccccc3)c(=O)c2cc1OC;CHEMBL5144643;60000.0;60.0;{'action_type': 'INHIBITOR', 'description': 'Negatively effects (inhibits) the normal functioning of the protein e.g., prevention of enzymatic reaction or activation of downstream pathway', 'parent_type': 'NEGATIVE MODULATOR'};;24836778;[{'comments': None, 'relation': '=', 'result_flag': 0, 'standard_relation': '=', 'standard_text_value': None, 'standard_type': 'Dose', 'standard_units': 'microM', 'standard_value': '100.0', 'text_value': None, 'type': 'Dose', 'units': 'microM', 'value': '100.0'}];Inhibition of 20S constitutive proteosome beta5c subunit (unknown origin) assessed as substrate hydrolysis using Suc-Leu-Leu-Val-Tyr-AMC as fluorogenic substrate at 100 uM;B;;;BAO_0000192;BAO_0000357;single protein format;;;CHEMBL5143533;Bioorg Med Chem Lett;2022;{'bei': '10.76', 'le': '0.20', 'lle': '1.29', 'sei': '6.07'};CHEMBL5198329;;CHEMBL5198329;4.22;0;http://www.openphacts.org/units/Nanomolar;3879246;=;1;1;=;;Ki;nM;;CHEMBL4662;Homo sapiens;Proteasome Macropain subunit MB1;9606;;;Ki;uM;UO_0000065;;False
COc1cc2ccn(C/C=C/C(=O)Nc3ccccc3)c(=O)c2cc1OC;CHEMBL5144643;49000.0;49.0;{'action_type': 'INHIBITOR', 'description': 'Negatively effects (inhibits) the normal functioning of the protein e.g., prevention of enzymatic reaction or activation of downstream pathway', 'parent_type': 'NEGATIVE MODULATOR'};;24836776;[{'comments': None, 'relation': '=', 'result_flag': 0, 'standard_relation': '=', 'standard_text_value': None, 'standard_type': 'Dose', 'standard_units': 'microM', 'standard_value': '100.0', 'text_value': None, 'type': 'Dose', 'units': 'microM', 'value': '100.0'}];Inhibition of 20S constitutive proteosome beta5c subunit (unknown origin) assessed as substrate hydrolysis using Suc-Leu-Leu-Val-Tyr-AMC as fluorogenic substrate at 100 uM;B;;;BAO_0000192;BAO_0000357;single protein format;;;CHEMBL5143533;Bioorg Med Chem Lett;2022;{'bei': '11.83', 'le': '0.22', 'lle': '1.10', 'sei': '6.20'};CHEMBL5207762;;CHEMBL5207762;4.31;0;http://www.openphacts.org/units/Nanomolar;3879244;=;1;1;=;;Ki;nM;;CHEMBL4662;Homo sapiens;Proteasome Macropain subunit MB1;9606;;;Ki;uM;UO_0000065;;False
COc1ccc(/C=C2\NC(=S)N(c3ccccc3)C2=O)cc1;CHEMBL4185009;10900.0;10.9;;;18481419;[];Inhibition of 20s immunoproteasome beta5 chymotrypsin-like activity in human spleen using Suc-Leu-Leu-Val-Tyr-AMC as substrate after 10 mins by fluorescence assay;B;;;BAO_0000192;BAO_0000357;single protein format;;;CHEMBL4184119;Bioorg Med Chem Lett;2018;{'bei': '15.99', 'le': '0.31', 'lle': '2.00', 'sei': '11.94'};CHEMBL4213715;;CHEMBL4213715;4.96;0;http://www.openphacts.org/units/Nanomolar;3067419;=;1;1;=;;Ki;nM;;CHEMBL4662;Homo sapiens;Proteasome Macropain subunit MB1;9606;;;Ki;uM;UO_0000065;;False
COc1ccc(/C=C2\NC(=S)N(c3ccccc3)C2=O)cc1O;CHEMBL4185009;2350.0;2.35;;;18481421;[];Inhibition of 20s immunoproteasome beta5 chymotrypsin-like activity in human spleen using Suc-Leu-Leu-Val-Tyr-AMC as substrate after 10 mins by fluorescence assay;B;;;BAO_0000192;BAO_0000357;single protein format;;;CHEMBL4184119;Bioorg Med Chem Lett;2018;{'bei': '17.25', 'le': '0.33', 'lle': '2.97', 'sei': '9.11'};CHEMBL4212662;;CHEMBL4212662;5.63;0;http://www.openphacts.org/units/Nanomolar;3067421;=;1;1;=;;Ki;nM;;CHEMBL4662;Homo sapiens;Proteasome Macropain subunit MB1;9606;;;Ki;uM;UO_0000065;;False
COc1ccc(/C=C2\NC(=S)N(c3ccccc3)C2=O)cc1OC;CHEMBL4185009;2010.0;2.01;;;18481422;[];Inhibition of 20s immunoproteasome beta5 chymotrypsin-like activity in human spleen using Suc-Leu-Leu-Val-Tyr-AMC as substrate after 10 mins by fluorescence assay;B;;;BAO_0000192;BAO_0000357;single protein format;;;CHEMBL4184119;Bioorg Med Chem Lett;2018;{'bei': '16.74', 'le': '0.32', 'lle': '2.73', 'sei': '11.21'};CHEMBL4204445;;CHEMBL4204445;5.7;0;http://www.openphacts.org/units/Nanomolar;3067422;=;1;1;=;;Ki;nM;;CHEMBL4662;Homo sapiens;Proteasome Macropain subunit MB1;9606;;;Ki;uM;UO_0000065;;False
COc1ccc(NC(=O)Cn2ccc(Nc3ccccc3)cc2=O)cc1;CHEMBL3239238;1480.0;1.48;;;14583711;[];Inhibition of chymotrypsin-like activity of human 20S proteasome beta 5 subunit assessed as Suc-Leu-Leu-Val-Tyr-AMC substrate hydrolysis after 10 mins by fluorometric analysis;B;;;BAO_0000192;BAO_0000357;single protein format;;;CHEMBL3232790;Eur J Med Chem;2014;{'bei': '16.69', 'le': '0.31', 'lle': '2.59', 'sei': '8.06'};CHEMBL3233458;;CHEMBL3233458;5.83;0;http://www.openphacts.org/units/Nanomolar;2081737;=;1;1;=;;Ki;nM;;CHEMBL4662;Homo sapiens;Proteasome Macropain subunit MB1;9606;;;Ki;uM;UO_0000065;;False
COc1cccc(/C=C2\NC(=S)N(c3ccccc3)C2=O)c1;CHEMBL4185009;17500.0;17.5;;;18481418;[];Inhibition of 20s immunoproteasome beta5 chymotrypsin-like activity in human spleen using Suc-Leu-Leu-Val-Tyr-AMC as substrate after 10 mins by fluorescence assay;B;;;BAO_0000192;BAO_0000357;single protein format;;;CHEMBL4184119;Bioorg Med Chem Lett;2018;{'bei': '15.33', 'le': '0.30', 'lle': '1.80', 'sei': '11.44'};CHEMBL4215753;;CHEMBL4215753;4.76;0;http://www.openphacts.org/units/Nanomolar;3067418;=;1;1;=;;Ki;nM;;CHEMBL4662;Homo sapiens;Proteasome Macropain subunit MB1;9606;;;Ki;uM;UO_0000065;;False
COc1ccccc1NC(=O)Nc1ccc2n(c1=O)C[C@@H]1C[C@H]2CN(C(=O)c2ccc3ccccc3c2)C1;CHEMBL5256151;4602.0;4.602;{'action_type': 'INHIBITOR', 'description': 'Negatively effects (inhibits) the normal functioning of the protein e.g., prevention of enzymatic reaction or activation of downstream pathway', 'parent_type': 'NEGATIVE MODULATOR'};;25082586;[{'comments': None, 'relation': '=', 'result_flag': 0, 'standard_relation': '=', 'standard_text_value': None, 'standard_type': 'TIME', 'standard_units': 'hr', 'standard_value': '0.1667', 'text_value': None, 'type': 'TIME', 'units': 'min', 'value': '10.0'}];Competitive inhibition of human 20S constitutive proteosome beta5c subunit using Suc-LLVY-AMC as substrate measured after 10 mins by fluorescence based analysis;B;;;BAO_0000192;BAO_0000357;single protein format;;;CHEMBL5252637;RSC Med Chem;2023;{'bei': '10.49', 'le': '0.19', 'lle': '0.43', 'sei': '5.76'};CHEMBL5269242;;CHEMBL5269242;5.34;0;http://www.openphacts.org/units/Nanomolar;3932036;=;1;1;=;;Ki;nM;;CHEMBL4662;Homo sapiens;Proteasome Macropain subunit MB1;9606;;;Ki;uM;UO_0000065;;False
C[C@H](NC(=O)[C@@H](N)Cc1ccc(OCc2ccccc2)cc1)C(=O)N[C@@H](C[C@]1(O)C(=O)Nc2ccccc21)C(=O)NCc1ccccc1;CHEMBL2345513;24500.0;24500.0;;;12697104;[];Noncompetitive inhibition of chymotrypsin-like activity of human constitutive 20s proteasome beta-5 subunit using Suc-LLVY-AMC as substrate assessed as inhibition constant for dissociation of enzyme-substrate-inhibitor complex incubated for 15 mins prior to substrate addition measured after 45 mins by fluorescence assay;B;;;BAO_0000192;BAO_0000357;single protein format;;;CHEMBL2331312;J Med Chem;2013;{'bei': '7.10', 'le': '0.13', 'lle': '1.94', 'sei': '2.68'};CHEMBL2337850;;CHEMBL2337850;4.61;0;http://www.openphacts.org/units/Nanomolar;1873126;=;1;1;=;;Ki;nM;;CHEMBL4662;Homo sapiens;Proteasome Macropain subunit MB1;9606;;;Ki;nM;UO_0000065;;False
Cc1ccc(COC[C@H](NS(=O)(=O)c2ccc(C)cc2)C(=O)N[C@@H](C)C(=O)N[C@@H](CC(C)C)C(=O)c2nnc(-c3ccccc3)o2)cc1;CHEMBL861973;500.0;0.5;;;1709365;[];Inhibition of chymotrypsin-like proteasome activity of human 20S proteasome;B;;;BAO_0000192;BAO_0000357;single protein format;;;CHEMBL1147675;J Med Chem;2006;{'bei': '9.32', 'le': '0.18', 'lle': '2.16', 'sei': '3.72'};CHEMBL379476;;CHEMBL379476;6.3;0;http://www.openphacts.org/units/Nanomolar;471631;=;1;1;=;;Ki;nM;;CHEMBL4662;Homo sapiens;Proteasome Macropain subunit MB1;9606;;;Ki app;uM;UO_0000065;;False
Cc1ccc(S(=O)(=O)N[C@@H](CC(=O)NCC(C)(C)C)C(=O)N[C@@H](C)C(=O)NC(C)(C)C(=O)c2nnc(-c3ccccc3)o2)cc1;CHEMBL861973;130.0;0.13;;;1709333;[];Inhibition of chymotrypsin-like proteasome activity of human 20S proteasome;B;;;BAO_0000192;BAO_0000357;single protein format;;;CHEMBL1147675;J Med Chem;2006;{'bei': '10.75', 'le': '0.21', 'lle': '4.36', 'sei': '3.63'};CHEMBL205687;;CHEMBL205687;6.89;0;http://www.openphacts.org/units/Nanomolar;471624;=;1;1;=;;Ki;nM;;CHEMBL4662;Homo sapiens;Proteasome Macropain subunit MB1;9606;;;Ki app;uM;UO_0000065;;False
Cc1ccc(S(=O)(=O)N[C@@H](CC(=O)NCC(C)(C)C)C(=O)N[C@@H](C)C(=O)N[C@@H](CC(C)C)C(=O)c2nnc(-c3ccc(N(C)C)cc3)o2)cc1;CHEMBL861973;0.51;0.00051;;;1709344;[];Inhibition of chymotrypsin-like proteasome activity of human 20S proteasome;B;;;BAO_0000192;BAO_0000357;single protein format;;;CHEMBL1147675;J Med Chem;2006;{'bei': '13.05', 'le': '0.25', 'lle': '6.06', 'sei': '4.82'};CHEMBL205757;;CHEMBL205757;9.29;0;http://www.openphacts.org/units/Nanomolar;471626;=;1;1;=;;Ki;nM;;CHEMBL4662;Homo sapiens;Proteasome Macropain subunit MB1;9606;;;Ki app;uM;UO_0000065;;False
Cc1ccc(S(=O)(=O)N[C@@H](CC(=O)NCC(C)(C)C)C(=O)N[C@@H](C)C(=O)N[C@@H](CC(C)C)C(=O)c2nnc(-c3ccccc3)o2)cc1;CHEMBL861973;0.72;0.00072;;;1710697;[];Inhibition of chymotrypsin-like proteasome activity of human 20S proteasome;B;;;BAO_0000192;BAO_0000357;single protein format;;;CHEMBL1147675;J Med Chem;2006;{'bei': '13.67', 'le': '0.27', 'lle': '5.98', 'sei': '4.83'};CHEMBL383674;;CHEMBL383674;9.14;0;http://www.openphacts.org/units/Nanomolar;471622;=;1;1;=;;Ki;nM;;CHEMBL4662;Homo sapiens;Proteasome Macropain subunit MB1;9606;;;Ki app;uM;UO_0000065;;False
Cc1ccc(S(=O)(=O)N[C@@H](COCc2cccc(Cl)c2)C(=O)N[C@@H](C)C(=O)N[C@@H](CC(C)C)C(=O)c2nnc(-c3ccccc3)o2)cc1;CHEMBL861973;140.0;0.14;;;1709364;[];Inhibition of chymotrypsin-like proteasome activity of human 20S proteasome;B;;;BAO_0000192;BAO_0000357;single protein format;;;CHEMBL1147675;J Med Chem;2006;{'bei': '9.84', 'le': '0.20', 'lle': '2.37', 'sei': '4.04'};CHEMBL381931;;CHEMBL381931;6.85;0;http://www.openphacts.org/units/Nanomolar;471630;=;1;1;=;;Ki;nM;;CHEMBL4662;Homo sapiens;Proteasome Macropain subunit MB1;9606;;;Ki app;uM;UO_0000065;;False
Cc1ccc(S(=O)(=O)N[C@@H](COCc2ccccc2C)C(=O)N[C@@H](C)C(=O)N[C@@H](CC(C)C)C(=O)c2nnc(-c3ccccc3)o2)cc1;CHEMBL861973;45.0;0.045;;;1709363;[];Inhibition of chymotrypsin-like proteasome activity of human 20S proteasome;B;;;BAO_0000192;BAO_0000357;single protein format;;;CHEMBL1147675;J Med Chem;2006;{'bei': '10.87', 'le': '0.21', 'lle': '3.21', 'sei': '4.33'};CHEMBL437311;;CHEMBL437311;7.35;0;http://www.openphacts.org/units/Nanomolar;471629;=;1;1;=;;Ki;nM;;CHEMBL4662;Homo sapiens;Proteasome Macropain subunit MB1;9606;;;Ki app;uM;UO_0000065;;False
Cc1cccc(S(=O)(=O)N[C@@H](CC(=O)NCC(C)(C)C)C(=O)N[C@@H](C)C(=O)N[C@@H](CC(C)C)C(=O)c2nnc(-c3ccccc3)o2)c1;CHEMBL861973;0.65;0.00065;;;1710696;[];Inhibition of chymotrypsin-like proteasome activity of human 20S proteasome;B;;;BAO_0000192;BAO_0000357;single protein format;;;CHEMBL1147675;J Med Chem;2006;{'bei': '13.74', 'le': '0.27', 'lle': '6.03', 'sei': '4.85'};CHEMBL206413;;CHEMBL206413;9.19;0;http://www.openphacts.org/units/Nanomolar;471621;=;1;1;=;;Ki;nM;;CHEMBL4662;Homo sapiens;Proteasome Macropain subunit MB1;9606;;;Ki app;uM;UO_0000065;;False
N#Cc1cccc(NC(=O)Nc2ccc3n(c2=O)C[C@@H]2C[C@H]3CN(C(=O)c3ccc4ccccc4c3)C2)c1;CHEMBL5256151;3424.0;3.424;{'action_type': 'INHIBITOR', 'description': 'Negatively effects (inhibits) the normal functioning of the protein e.g., prevention of enzymatic reaction or activation of downstream pathway', 'parent_type': 'NEGATIVE MODULATOR'};;25082589;[{'comments': None, 'relation': '=', 'result_flag': 0, 'standard_relation': '=', 'standard_text_value': None, 'standard_type': 'TIME', 'standard_units': 'hr', 'standard_value': '0.1667', 'text_value': None, 'type': 'TIME', 'units': 'min', 'value': '10.0'}];Competitive inhibition of human 20S constitutive proteosome beta5c subunit using Suc-LLVY-AMC as substrate measured after 10 mins by fluorescence based analysis;B;;;BAO_0000192;BAO_0000357;single protein format;;;CHEMBL5252637;RSC Med Chem;2023;{'bei': '10.85', 'le': '0.20', 'lle': '0.69', 'sei': '5.10'};CHEMBL5273859;;CHEMBL5273859;5.46;0;http://www.openphacts.org/units/Nanomolar;3932033;=;1;1;=;;Ki;nM;;CHEMBL4662;Homo sapiens;Proteasome Macropain subunit MB1;9606;;;Ki;uM;UO_0000065;;False
O=C(Cn1ccc(Nc2ccccc2)cc1=O)Nc1ccccc1C(=O)c1ccccc1;CHEMBL3239238;8030.0;8.03;;;14583712;[];Inhibition of chymotrypsin-like activity of human 20S proteasome beta 5 subunit assessed as Suc-Leu-Leu-Val-Tyr-AMC substrate hydrolysis after 10 mins by fluorometric analysis;B;;;BAO_0000192;BAO_0000357;single protein format;;;CHEMBL3232790;Eur J Med Chem;2014;{'bei': '12.03', 'le': '0.22', 'lle': '0.64', 'sei': '6.35'};CHEMBL3233459;;CHEMBL3233459;5.09;0;http://www.openphacts.org/units/Nanomolar;2081738;=;1;1;=;;Ki;nM;;CHEMBL4662;Homo sapiens;Proteasome Macropain subunit MB1;9606;;;Ki;uM;UO_0000065;;False
O=C(Cn1ccccc1=O)NC12CC3CC(CC(C3)C1)C2;CHEMBL3239238;7550.0;7.55;;;14583708;[];Inhibition of chymotrypsin-like activity of human 20S proteasome beta 5 subunit assessed as Suc-Leu-Leu-Val-Tyr-AMC substrate hydrolysis after 10 mins by fluorometric analysis;B;;;BAO_0000192;BAO_0000357;single protein format;;;CHEMBL3232790;Eur J Med Chem;2014;{'bei': '17.89', 'le': '0.33', 'lle': '3.19', 'sei': '10.02'};CHEMBL3233455;;CHEMBL3233455;5.12;0;http://www.openphacts.org/units/Nanomolar;2081734;=;1;1;=;;Ki;nM;;CHEMBL4662;Homo sapiens;Proteasome Macropain subunit MB1;9606;;;Ki;uM;UO_0000065;;False
O=C(Nc1ccc(Cl)cc1)Nc1ccc2n(c1=O)C[C@@H]1C[C@H]2CN(C(=O)c2ccc3ccccc3c2)C1;CHEMBL5256151;1145.0;1.145;{'action_type': 'INHIBITOR', 'description': 'Negatively effects (inhibits) the normal functioning of the protein e.g., prevention of enzymatic reaction or activation of downstream pathway', 'parent_type': 'NEGATIVE MODULATOR'};;25082588;[{'comments': None, 'relation': '=', 'result_flag': 0, 'standard_relation': '=', 'standard_text_value': None, 'standard_type': 'TIME', 'standard_units': 'hr', 'standard_value': '0.1667', 'text_value': None, 'type': 'TIME', 'units': 'min', 'value': '10.0'}];Competitive inhibition of human 20S constitutive proteosome beta5c subunit using Suc-LLVY-AMC as substrate measured after 10 mins by fluorescence based analysis;B;;;BAO_0000192;BAO_0000357;single protein format;;;CHEMBL5252637;RSC Med Chem;2023;{'bei': '11.58', 'le': '0.22', 'lle': '0.38', 'sei': '7.12'};CHEMBL5287112;;CHEMBL5287112;5.94;0;http://www.openphacts.org/units/Nanomolar;3932034;=;1;1;=;;Ki;nM;;CHEMBL4662;Homo sapiens;Proteasome Macropain subunit MB1;9606;;;Ki;uM;UO_0000065;;False
O=C(Nc1ccccc1)Nc1ccc2n(c1=O)C[C@@H]1C[C@H]2CN(C(=O)c2ccc3ccccc3c2)C1;CHEMBL5256151;9689.0;9.689;{'action_type': 'INHIBITOR', 'description': 'Negatively effects (inhibits) the normal functioning of the protein e.g., prevention of enzymatic reaction or activation of downstream pathway', 'parent_type': 'NEGATIVE MODULATOR'};;25082587;[{'comments': None, 'relation': '=', 'result_flag': 0, 'standard_relation': '=', 'standard_text_value': None, 'standard_type': 'TIME', 'standard_units': 'hr', 'standard_value': '0.1667', 'text_value': None, 'type': 'TIME', 'units': 'min', 'value': '10.0'}];Competitive inhibition of human 20S constitutive proteosome beta5c subunit using Suc-LLVY-AMC as substrate measured after 10 mins by fluorescence based analysis;B;;;BAO_0000192;BAO_0000357;single protein format;;;CHEMBL5252637;RSC Med Chem;2023;{'bei': '10.48', 'le': '0.19', 'lle': '0.10', 'sei': '6.01'};CHEMBL5286864;;CHEMBL5286864;5.01;0;http://www.openphacts.org/units/Nanomolar;3932035;=;1;1;=;;Ki;nM;;CHEMBL4662;Homo sapiens;Proteasome Macropain subunit MB1;9606;;;Ki;uM;UO_0000065;;False
c1ccc(C(=C(c2ccc(OCCN3CCCCCC3)cc2)c2ccc(OCCN3CCCCCC3)cc2)c2ccccc2)cc1;CHEMBL3100300;1100.0;1.1;;;13871012;[];Noncompetitive inhibition of chymotrypsin-like activity of human 20S proteasome beta 5 subunit assessed as hydrolysis of succinyl-LLVY-AMC fluorogenic substrate Lineweaver-Burk plot analysis;B;;;BAO_0000192;BAO_0000357;single protein format;;;CHEMBL3098012;Eur J Med Chem;2014;{'bei': '9.69', 'le': '0.18', 'lle': '-3.24', 'sei': '23.89'};CHEMBL3099621;;CHEMBL3099621;5.96;0;http://www.openphacts.org/units/Nanomolar;1956835;=;1;1;=;;Ki;nM;;CHEMBL4662;Homo sapiens;Proteasome Macropain subunit MB1;9606;;;Ki;uM;UO_0000065;;False
