target,method_id,method_label,check,pass_rate
1g5m,boltz2,Boltz-2,mol_pred_loaded,1.0
1g5m,boltz2,Boltz-2,mol_cond_loaded,1.0
1g5m,boltz2,Boltz-2,sanitization,0.9938775510204082
1g5m,boltz2,Boltz-2,inchi_convertible,0.9938775510204082
1g5m,boltz2,Boltz-2,all_atoms_connected,0.9959183673469387
1g5m,boltz2,Boltz-2,bond_lengths,1.0
1g5m,boltz2,Boltz-2,bond_angles,1.0
1g5m,boltz2,Boltz-2,internal_steric_clash,0.9917864476386037
1g5m,boltz2,Boltz-2,aromatic_ring_flatness,1.0
1g5m,boltz2,Boltz-2,non-aromatic_ring_non-flatness,0.997946611909651
1g5m,boltz2,Boltz-2,double_bond_flatness,0.997946611909651
1g5m,boltz2,Boltz-2,protein-ligand_maximum_distance,1.0
1g5m,boltz2,Boltz-2,minimum_distance_to_protein,0.9673469387755103
1g5m,boltz2,Boltz-2,minimum_distance_to_organic_cofactors,1.0
1g5m,boltz2,Boltz-2,minimum_distance_to_inorganic_cofactors,1.0
1g5m,boltz2,Boltz-2,minimum_distance_to_waters,1.0
1g5m,boltz2,Boltz-2,volume_overlap_with_protein,1.0
1g5m,boltz2,Boltz-2,volume_overlap_with_organic_cofactors,1.0
1g5m,boltz2,Boltz-2,volume_overlap_with_inorganic_cofactors,1.0
1g5m,boltz2,Boltz-2,volume_overlap_with_waters,1.0
1g5m,dynamicbind,DynamicBind,mol_pred_loaded,1.0
1g5m,dynamicbind,DynamicBind,mol_cond_loaded,1.0
1g5m,dynamicbind,DynamicBind,sanitization,1.0
1g5m,dynamicbind,DynamicBind,inchi_convertible,1.0
1g5m,dynamicbind,DynamicBind,all_atoms_connected,0.9965156794425087
1g5m,dynamicbind,DynamicBind,bond_lengths,1.0
1g5m,dynamicbind,DynamicBind,bond_angles,1.0
1g5m,dynamicbind,DynamicBind,internal_steric_clash,0.9303135888501742
1g5m,dynamicbind,DynamicBind,aromatic_ring_flatness,1.0
1g5m,dynamicbind,DynamicBind,non-aromatic_ring_non-flatness,1.0
1g5m,dynamicbind,DynamicBind,double_bond_flatness,1.0
1g5m,dynamicbind,DynamicBind,protein-ligand_maximum_distance,1.0
1g5m,dynamicbind,DynamicBind,minimum_distance_to_protein,0.0
1g5m,dynamicbind,DynamicBind,minimum_distance_to_organic_cofactors,1.0
1g5m,dynamicbind,DynamicBind,minimum_distance_to_inorganic_cofactors,1.0
1g5m,dynamicbind,DynamicBind,minimum_distance_to_waters,1.0
1g5m,dynamicbind,DynamicBind,volume_overlap_with_protein,0.0313588850174216
1g5m,dynamicbind,DynamicBind,volume_overlap_with_organic_cofactors,1.0
1g5m,dynamicbind,DynamicBind,volume_overlap_with_inorganic_cofactors,1.0
1g5m,dynamicbind,DynamicBind,volume_overlap_with_waters,1.0
1g5m,gnina,GNINA 1.3,mol_pred_loaded,1.0
1g5m,gnina,GNINA 1.3,mol_cond_loaded,1.0
1g5m,gnina,GNINA 1.3,sanitization,0.9965156794425087
1g5m,gnina,GNINA 1.3,inchi_convertible,0.554006968641115
1g5m,gnina,GNINA 1.3,all_atoms_connected,1.0
1g5m,gnina,GNINA 1.3,bond_lengths,1.0
1g5m,gnina,GNINA 1.3,bond_angles,0.9965034965034965
1g5m,gnina,GNINA 1.3,internal_steric_clash,0.9825174825174825
1g5m,gnina,GNINA 1.3,aromatic_ring_flatness,1.0
1g5m,gnina,GNINA 1.3,non-aromatic_ring_non-flatness,1.0
1g5m,gnina,GNINA 1.3,double_bond_flatness,1.0
1g5m,gnina,GNINA 1.3,protein-ligand_maximum_distance,1.0
1g5m,gnina,GNINA 1.3,minimum_distance_to_protein,1.0
1g5m,gnina,GNINA 1.3,minimum_distance_to_organic_cofactors,1.0
1g5m,gnina,GNINA 1.3,minimum_distance_to_inorganic_cofactors,1.0
1g5m,gnina,GNINA 1.3,minimum_distance_to_waters,1.0
1g5m,gnina,GNINA 1.3,volume_overlap_with_protein,1.0
1g5m,gnina,GNINA 1.3,volume_overlap_with_organic_cofactors,1.0
1g5m,gnina,GNINA 1.3,volume_overlap_with_inorganic_cofactors,1.0
1g5m,gnina,GNINA 1.3,volume_overlap_with_waters,1.0
1g5m,qvina,QVina2,mol_pred_loaded,1.0
1g5m,qvina,QVina2,mol_cond_loaded,1.0
1g5m,qvina,QVina2,sanitization,0.9965156794425087
1g5m,qvina,QVina2,inchi_convertible,0.5296167247386759
1g5m,qvina,QVina2,all_atoms_connected,1.0
1g5m,qvina,QVina2,bond_lengths,1.0
1g5m,qvina,QVina2,bond_angles,1.0
1g5m,qvina,QVina2,internal_steric_clash,0.9965034965034965
1g5m,qvina,QVina2,aromatic_ring_flatness,1.0
1g5m,qvina,QVina2,non-aromatic_ring_non-flatness,1.0
1g5m,qvina,QVina2,double_bond_flatness,1.0
1g5m,qvina,QVina2,protein-ligand_maximum_distance,1.0
1g5m,qvina,QVina2,minimum_distance_to_protein,1.0
1g5m,qvina,QVina2,minimum_distance_to_organic_cofactors,1.0
1g5m,qvina,QVina2,minimum_distance_to_inorganic_cofactors,1.0
1g5m,qvina,QVina2,minimum_distance_to_waters,1.0
1g5m,qvina,QVina2,volume_overlap_with_protein,1.0
1g5m,qvina,QVina2,volume_overlap_with_organic_cofactors,1.0
1g5m,qvina,QVina2,volume_overlap_with_inorganic_cofactors,1.0
1g5m,qvina,QVina2,volume_overlap_with_waters,1.0
2z5x,boltz2,Boltz-2,mol_pred_loaded,1.0
2z5x,boltz2,Boltz-2,mol_cond_loaded,1.0
2z5x,boltz2,Boltz-2,sanitization,0.9937106918238994
2z5x,boltz2,Boltz-2,inchi_convertible,0.9937106918238994
2z5x,boltz2,Boltz-2,all_atoms_connected,1.0
2z5x,boltz2,Boltz-2,bond_lengths,1.0
2z5x,boltz2,Boltz-2,bond_angles,1.0
2z5x,boltz2,Boltz-2,internal_steric_clash,1.0
2z5x,boltz2,Boltz-2,aromatic_ring_flatness,1.0
2z5x,boltz2,Boltz-2,non-aromatic_ring_non-flatness,1.0
2z5x,boltz2,Boltz-2,double_bond_flatness,1.0
2z5x,boltz2,Boltz-2,protein-ligand_maximum_distance,1.0
2z5x,boltz2,Boltz-2,minimum_distance_to_protein,0.8270440251572327
2z5x,boltz2,Boltz-2,minimum_distance_to_organic_cofactors,1.0
2z5x,boltz2,Boltz-2,minimum_distance_to_inorganic_cofactors,1.0
2z5x,boltz2,Boltz-2,minimum_distance_to_waters,1.0
2z5x,boltz2,Boltz-2,volume_overlap_with_protein,1.0
2z5x,boltz2,Boltz-2,volume_overlap_with_organic_cofactors,1.0
2z5x,boltz2,Boltz-2,volume_overlap_with_inorganic_cofactors,1.0
2z5x,boltz2,Boltz-2,volume_overlap_with_waters,1.0
2z5x,dynamicbind,DynamicBind,mol_pred_loaded,1.0
2z5x,dynamicbind,DynamicBind,mol_cond_loaded,1.0
2z5x,dynamicbind,DynamicBind,sanitization,1.0
2z5x,dynamicbind,DynamicBind,inchi_convertible,1.0
2z5x,dynamicbind,DynamicBind,all_atoms_connected,0.9836734693877551
2z5x,dynamicbind,DynamicBind,bond_lengths,1.0
2z5x,dynamicbind,DynamicBind,bond_angles,1.0
2z5x,dynamicbind,DynamicBind,internal_steric_clash,0.9836734693877551
2z5x,dynamicbind,DynamicBind,aromatic_ring_flatness,1.0
2z5x,dynamicbind,DynamicBind,non-aromatic_ring_non-flatness,1.0
2z5x,dynamicbind,DynamicBind,double_bond_flatness,1.0
2z5x,dynamicbind,DynamicBind,protein-ligand_maximum_distance,1.0
2z5x,dynamicbind,DynamicBind,minimum_distance_to_protein,0.20816326530612245
2z5x,dynamicbind,DynamicBind,minimum_distance_to_organic_cofactors,1.0
2z5x,dynamicbind,DynamicBind,minimum_distance_to_inorganic_cofactors,1.0
2z5x,dynamicbind,DynamicBind,minimum_distance_to_waters,1.0
2z5x,dynamicbind,DynamicBind,volume_overlap_with_protein,0.5959183673469388
2z5x,dynamicbind,DynamicBind,volume_overlap_with_organic_cofactors,1.0
2z5x,dynamicbind,DynamicBind,volume_overlap_with_inorganic_cofactors,1.0
2z5x,dynamicbind,DynamicBind,volume_overlap_with_waters,1.0
2z5x,gnina,GNINA 1.3,mol_pred_loaded,1.0
2z5x,gnina,GNINA 1.3,mol_cond_loaded,1.0
2z5x,gnina,GNINA 1.3,sanitization,0.991869918699187
2z5x,gnina,GNINA 1.3,inchi_convertible,0.5203252032520326
2z5x,gnina,GNINA 1.3,all_atoms_connected,1.0
2z5x,gnina,GNINA 1.3,bond_lengths,1.0
2z5x,gnina,GNINA 1.3,bond_angles,1.0
2z5x,gnina,GNINA 1.3,internal_steric_clash,1.0
2z5x,gnina,GNINA 1.3,aromatic_ring_flatness,1.0
2z5x,gnina,GNINA 1.3,non-aromatic_ring_non-flatness,1.0
2z5x,gnina,GNINA 1.3,double_bond_flatness,1.0
2z5x,gnina,GNINA 1.3,protein-ligand_maximum_distance,1.0
2z5x,gnina,GNINA 1.3,minimum_distance_to_protein,0.056910569105691054
2z5x,gnina,GNINA 1.3,minimum_distance_to_organic_cofactors,0.056910569105691054
2z5x,gnina,GNINA 1.3,minimum_distance_to_inorganic_cofactors,0.056910569105691054
2z5x,gnina,GNINA 1.3,minimum_distance_to_waters,0.04878048780487805
2z5x,gnina,GNINA 1.3,volume_overlap_with_protein,0.056910569105691054
2z5x,gnina,GNINA 1.3,volume_overlap_with_organic_cofactors,0.056910569105691054
2z5x,gnina,GNINA 1.3,volume_overlap_with_inorganic_cofactors,0.056910569105691054
2z5x,gnina,GNINA 1.3,volume_overlap_with_waters,0.056910569105691054
2z5x,qvina,QVina2,mol_pred_loaded,1.0
2z5x,qvina,QVina2,mol_cond_loaded,1.0
2z5x,qvina,QVina2,sanitization,0.9918367346938776
2z5x,qvina,QVina2,inchi_convertible,0.5183673469387755
2z5x,qvina,QVina2,all_atoms_connected,1.0
2z5x,qvina,QVina2,bond_lengths,1.0
2z5x,qvina,QVina2,bond_angles,1.0
2z5x,qvina,QVina2,internal_steric_clash,1.0
2z5x,qvina,QVina2,aromatic_ring_flatness,1.0
2z5x,qvina,QVina2,non-aromatic_ring_non-flatness,1.0
2z5x,qvina,QVina2,double_bond_flatness,1.0
2z5x,qvina,QVina2,protein-ligand_maximum_distance,1.0
2z5x,qvina,QVina2,minimum_distance_to_protein,0.0
2z5x,qvina,QVina2,minimum_distance_to_organic_cofactors,0.0
2z5x,qvina,QVina2,minimum_distance_to_inorganic_cofactors,0.0
2z5x,qvina,QVina2,minimum_distance_to_waters,0.0
2z5x,qvina,QVina2,volume_overlap_with_protein,0.0
2z5x,qvina,QVina2,volume_overlap_with_organic_cofactors,0.0
2z5x,qvina,QVina2,volume_overlap_with_inorganic_cofactors,0.0
2z5x,qvina,QVina2,volume_overlap_with_waters,0.0
3eyg,boltz2,Boltz-2,mol_pred_loaded,1.0
3eyg,boltz2,Boltz-2,mol_cond_loaded,1.0
3eyg,boltz2,Boltz-2,sanitization,0.4433497536945813
3eyg,boltz2,Boltz-2,inchi_convertible,0.4433497536945813
3eyg,boltz2,Boltz-2,all_atoms_connected,1.0
3eyg,boltz2,Boltz-2,bond_lengths,0.997979797979798
3eyg,boltz2,Boltz-2,bond_angles,0.998989898989899
3eyg,boltz2,Boltz-2,internal_steric_clash,0.9959595959595959
3eyg,boltz2,Boltz-2,aromatic_ring_flatness,1.0
3eyg,boltz2,Boltz-2,non-aromatic_ring_non-flatness,0.998989898989899
3eyg,boltz2,Boltz-2,double_bond_flatness,1.0
3eyg,boltz2,Boltz-2,protein-ligand_maximum_distance,1.0
3eyg,boltz2,Boltz-2,minimum_distance_to_protein,0.9189431258396775
3eyg,boltz2,Boltz-2,minimum_distance_to_organic_cofactors,1.0
3eyg,boltz2,Boltz-2,minimum_distance_to_inorganic_cofactors,1.0
3eyg,boltz2,Boltz-2,minimum_distance_to_waters,1.0
3eyg,boltz2,Boltz-2,volume_overlap_with_protein,1.0
3eyg,boltz2,Boltz-2,volume_overlap_with_organic_cofactors,1.0
3eyg,boltz2,Boltz-2,volume_overlap_with_inorganic_cofactors,1.0
3eyg,boltz2,Boltz-2,volume_overlap_with_waters,1.0
3eyg,dynamicbind,DynamicBind,mol_pred_loaded,1.0
3eyg,dynamicbind,DynamicBind,mol_cond_loaded,1.0
3eyg,dynamicbind,DynamicBind,sanitization,1.0
3eyg,dynamicbind,DynamicBind,inchi_convertible,1.0
3eyg,dynamicbind,DynamicBind,all_atoms_connected,0.9995563442768411
3eyg,dynamicbind,DynamicBind,bond_lengths,1.0
3eyg,dynamicbind,DynamicBind,bond_angles,1.0
3eyg,dynamicbind,DynamicBind,internal_steric_clash,0.9711623779946761
3eyg,dynamicbind,DynamicBind,aromatic_ring_flatness,1.0
3eyg,dynamicbind,DynamicBind,non-aromatic_ring_non-flatness,1.0
3eyg,dynamicbind,DynamicBind,double_bond_flatness,1.0
3eyg,dynamicbind,DynamicBind,protein-ligand_maximum_distance,0.9401064773735581
3eyg,dynamicbind,DynamicBind,minimum_distance_to_protein,0.12466725820763087
3eyg,dynamicbind,DynamicBind,minimum_distance_to_organic_cofactors,1.0
3eyg,dynamicbind,DynamicBind,minimum_distance_to_inorganic_cofactors,1.0
3eyg,dynamicbind,DynamicBind,minimum_distance_to_waters,1.0
3eyg,dynamicbind,DynamicBind,volume_overlap_with_protein,0.8007985803016859
3eyg,dynamicbind,DynamicBind,volume_overlap_with_organic_cofactors,1.0
3eyg,dynamicbind,DynamicBind,volume_overlap_with_inorganic_cofactors,1.0
3eyg,dynamicbind,DynamicBind,volume_overlap_with_waters,1.0
3eyg,gnina,GNINA 1.3,mol_pred_loaded,1.0
3eyg,gnina,GNINA 1.3,mol_cond_loaded,1.0
3eyg,gnina,GNINA 1.3,sanitization,0.9927765237020316
3eyg,gnina,GNINA 1.3,inchi_convertible,0.1837471783295711
3eyg,gnina,GNINA 1.3,all_atoms_connected,1.0
3eyg,gnina,GNINA 1.3,bond_lengths,1.0
3eyg,gnina,GNINA 1.3,bond_angles,1.0
3eyg,gnina,GNINA 1.3,internal_steric_clash,0.8958617553433379
3eyg,gnina,GNINA 1.3,aromatic_ring_flatness,1.0
3eyg,gnina,GNINA 1.3,non-aromatic_ring_non-flatness,0.9995452478399273
3eyg,gnina,GNINA 1.3,double_bond_flatness,0.9995452478399273
3eyg,gnina,GNINA 1.3,protein-ligand_maximum_distance,1.0
3eyg,gnina,GNINA 1.3,minimum_distance_to_protein,0.03837471783295711
3eyg,gnina,GNINA 1.3,minimum_distance_to_organic_cofactors,0.03837471783295711
3eyg,gnina,GNINA 1.3,minimum_distance_to_inorganic_cofactors,0.04153498871331828
3eyg,gnina,GNINA 1.3,minimum_distance_to_waters,0.0
3eyg,gnina,GNINA 1.3,volume_overlap_with_protein,0.04108352144469526
3eyg,gnina,GNINA 1.3,volume_overlap_with_organic_cofactors,0.04198645598194131
3eyg,gnina,GNINA 1.3,volume_overlap_with_inorganic_cofactors,0.042437923250564336
3eyg,gnina,GNINA 1.3,volume_overlap_with_waters,0.0036117381489841984
3eyg,qvina,QVina2,mol_pred_loaded,1.0
3eyg,qvina,QVina2,mol_cond_loaded,1.0
3eyg,qvina,QVina2,sanitization,0.9927960378208014
3eyg,qvina,QVina2,inchi_convertible,0.18325078793336336
3eyg,qvina,QVina2,all_atoms_connected,1.0
3eyg,qvina,QVina2,bond_lengths,1.0
3eyg,qvina,QVina2,bond_angles,1.0
3eyg,qvina,QVina2,internal_steric_clash,0.9746031746031746
3eyg,qvina,QVina2,aromatic_ring_flatness,1.0
3eyg,qvina,QVina2,non-aromatic_ring_non-flatness,0.999546485260771
3eyg,qvina,QVina2,double_bond_flatness,0.999546485260771
3eyg,qvina,QVina2,protein-ligand_maximum_distance,1.0
3eyg,qvina,QVina2,minimum_distance_to_protein,0.024313372354795137
3eyg,qvina,QVina2,minimum_distance_to_organic_cofactors,0.024313372354795137
3eyg,qvina,QVina2,minimum_distance_to_inorganic_cofactors,0.024763619990995047
3eyg,qvina,QVina2,minimum_distance_to_waters,0.0
3eyg,qvina,QVina2,volume_overlap_with_protein,0.024763619990995047
3eyg,qvina,QVina2,volume_overlap_with_organic_cofactors,0.024763619990995047
3eyg,qvina,QVina2,volume_overlap_with_inorganic_cofactors,0.027915353444394417
3eyg,qvina,QVina2,volume_overlap_with_waters,0.0
3jy9,boltz2,Boltz-2,mol_pred_loaded,1.0
3jy9,boltz2,Boltz-2,mol_cond_loaded,1.0
3jy9,boltz2,Boltz-2,sanitization,0.5755467196819085
3jy9,boltz2,Boltz-2,inchi_convertible,0.5755467196819085
3jy9,boltz2,Boltz-2,all_atoms_connected,0.9995029821073559
3jy9,boltz2,Boltz-2,bond_lengths,0.9991364421416234
3jy9,boltz2,Boltz-2,bond_angles,0.9991364421416234
3jy9,boltz2,Boltz-2,internal_steric_clash,0.9930915371329879
3jy9,boltz2,Boltz-2,aromatic_ring_flatness,1.0
3jy9,boltz2,Boltz-2,non-aromatic_ring_non-flatness,0.9974093264248705
3jy9,boltz2,Boltz-2,double_bond_flatness,1.0
3jy9,boltz2,Boltz-2,protein-ligand_maximum_distance,1.0
3jy9,boltz2,Boltz-2,minimum_distance_to_protein,0.9065606361829026
3jy9,boltz2,Boltz-2,minimum_distance_to_organic_cofactors,1.0
3jy9,boltz2,Boltz-2,minimum_distance_to_inorganic_cofactors,1.0
3jy9,boltz2,Boltz-2,minimum_distance_to_waters,1.0
3jy9,boltz2,Boltz-2,volume_overlap_with_protein,1.0
3jy9,boltz2,Boltz-2,volume_overlap_with_organic_cofactors,1.0
3jy9,boltz2,Boltz-2,volume_overlap_with_inorganic_cofactors,1.0
3jy9,boltz2,Boltz-2,volume_overlap_with_waters,1.0
3jy9,dynamicbind,DynamicBind,mol_pred_loaded,1.0
3jy9,dynamicbind,DynamicBind,mol_cond_loaded,1.0
3jy9,dynamicbind,DynamicBind,sanitization,1.0
3jy9,dynamicbind,DynamicBind,inchi_convertible,1.0
3jy9,dynamicbind,DynamicBind,all_atoms_connected,0.998025666337611
3jy9,dynamicbind,DynamicBind,bond_lengths,1.0
3jy9,dynamicbind,DynamicBind,bond_angles,1.0
3jy9,dynamicbind,DynamicBind,internal_steric_clash,0.9693978282329714
3jy9,dynamicbind,DynamicBind,aromatic_ring_flatness,1.0
3jy9,dynamicbind,DynamicBind,non-aromatic_ring_non-flatness,1.0
3jy9,dynamicbind,DynamicBind,double_bond_flatness,1.0
3jy9,dynamicbind,DynamicBind,protein-ligand_maximum_distance,1.0
3jy9,dynamicbind,DynamicBind,minimum_distance_to_protein,0.2680157946692991
3jy9,dynamicbind,DynamicBind,minimum_distance_to_organic_cofactors,1.0
3jy9,dynamicbind,DynamicBind,minimum_distance_to_inorganic_cofactors,1.0
3jy9,dynamicbind,DynamicBind,minimum_distance_to_waters,1.0
3jy9,dynamicbind,DynamicBind,volume_overlap_with_protein,0.9417571569595261
3jy9,dynamicbind,DynamicBind,volume_overlap_with_organic_cofactors,1.0
3jy9,dynamicbind,DynamicBind,volume_overlap_with_inorganic_cofactors,1.0
3jy9,dynamicbind,DynamicBind,volume_overlap_with_waters,1.0
3jy9,gnina,GNINA 1.3,mol_pred_loaded,1.0
3jy9,gnina,GNINA 1.3,mol_cond_loaded,1.0
3jy9,gnina,GNINA 1.3,sanitization,0.9957081545064378
3jy9,gnina,GNINA 1.3,inchi_convertible,0.48068669527896996
3jy9,gnina,GNINA 1.3,all_atoms_connected,1.0
3jy9,gnina,GNINA 1.3,bond_lengths,1.0
3jy9,gnina,GNINA 1.3,bond_angles,1.0
3jy9,gnina,GNINA 1.3,internal_steric_clash,0.9525862068965517
3jy9,gnina,GNINA 1.3,aromatic_ring_flatness,1.0
3jy9,gnina,GNINA 1.3,non-aromatic_ring_non-flatness,1.0
3jy9,gnina,GNINA 1.3,double_bond_flatness,1.0
3jy9,gnina,GNINA 1.3,protein-ligand_maximum_distance,1.0
3jy9,gnina,GNINA 1.3,minimum_distance_to_protein,0.060085836909871244
3jy9,gnina,GNINA 1.3,minimum_distance_to_organic_cofactors,0.060085836909871244
3jy9,gnina,GNINA 1.3,minimum_distance_to_inorganic_cofactors,0.06437768240343347
3jy9,gnina,GNINA 1.3,minimum_distance_to_waters,0.0
3jy9,gnina,GNINA 1.3,volume_overlap_with_protein,0.06866952789699571
3jy9,gnina,GNINA 1.3,volume_overlap_with_organic_cofactors,0.06866952789699571
3jy9,gnina,GNINA 1.3,volume_overlap_with_inorganic_cofactors,0.07296137339055794
3jy9,gnina,GNINA 1.3,volume_overlap_with_waters,0.03862660944206009
3jy9,qvina,QVina2,mol_pred_loaded,1.0
3jy9,qvina,QVina2,mol_cond_loaded,1.0
3jy9,qvina,QVina2,sanitization,0.9873417721518988
3jy9,qvina,QVina2,inchi_convertible,0.379746835443038
3jy9,qvina,QVina2,all_atoms_connected,1.0
3jy9,qvina,QVina2,bond_lengths,1.0
3jy9,qvina,QVina2,bond_angles,1.0
3jy9,qvina,QVina2,internal_steric_clash,0.9911858974358975
3jy9,qvina,QVina2,aromatic_ring_flatness,1.0
3jy9,qvina,QVina2,non-aromatic_ring_non-flatness,0.999198717948718
3jy9,qvina,QVina2,double_bond_flatness,0.999198717948718
3jy9,qvina,QVina2,protein-ligand_maximum_distance,1.0
3jy9,qvina,QVina2,minimum_distance_to_protein,0.0490506329113924
3jy9,qvina,QVina2,minimum_distance_to_organic_cofactors,0.0490506329113924
3jy9,qvina,QVina2,minimum_distance_to_inorganic_cofactors,0.056962025316455694
3jy9,qvina,QVina2,minimum_distance_to_waters,0.0
3jy9,qvina,QVina2,volume_overlap_with_protein,0.061708860759493674
3jy9,qvina,QVina2,volume_overlap_with_organic_cofactors,0.0625
3jy9,qvina,QVina2,volume_overlap_with_inorganic_cofactors,0.09098101265822785
3jy9,qvina,QVina2,volume_overlap_with_waters,0.027689873417721517
3lxk,boltz2,Boltz-2,mol_pred_loaded,1.0
3lxk,boltz2,Boltz-2,mol_cond_loaded,1.0
3lxk,boltz2,Boltz-2,sanitization,0.41005291005291006
3lxk,boltz2,Boltz-2,inchi_convertible,0.41005291005291006
3lxk,boltz2,Boltz-2,all_atoms_connected,1.0
3lxk,boltz2,Boltz-2,bond_lengths,1.0
3lxk,boltz2,Boltz-2,bond_angles,1.0
3lxk,boltz2,Boltz-2,internal_steric_clash,1.0
3lxk,boltz2,Boltz-2,aromatic_ring_flatness,1.0
3lxk,boltz2,Boltz-2,non-aromatic_ring_non-flatness,0.9935483870967742
3lxk,boltz2,Boltz-2,double_bond_flatness,1.0
3lxk,boltz2,Boltz-2,protein-ligand_maximum_distance,1.0
3lxk,boltz2,Boltz-2,minimum_distance_to_protein,0.8042328042328042
3lxk,boltz2,Boltz-2,minimum_distance_to_organic_cofactors,1.0
3lxk,boltz2,Boltz-2,minimum_distance_to_inorganic_cofactors,1.0
3lxk,boltz2,Boltz-2,minimum_distance_to_waters,1.0
3lxk,boltz2,Boltz-2,volume_overlap_with_protein,1.0
3lxk,boltz2,Boltz-2,volume_overlap_with_organic_cofactors,1.0
3lxk,boltz2,Boltz-2,volume_overlap_with_inorganic_cofactors,1.0
3lxk,boltz2,Boltz-2,volume_overlap_with_waters,1.0
3lxk,dynamicbind,DynamicBind,mol_pred_loaded,1.0
3lxk,dynamicbind,DynamicBind,mol_cond_loaded,1.0
3lxk,dynamicbind,DynamicBind,sanitization,1.0
3lxk,dynamicbind,DynamicBind,inchi_convertible,1.0
3lxk,dynamicbind,DynamicBind,all_atoms_connected,0.9987261146496815
3lxk,dynamicbind,DynamicBind,bond_lengths,1.0
3lxk,dynamicbind,DynamicBind,bond_angles,1.0
3lxk,dynamicbind,DynamicBind,internal_steric_clash,0.9745222929936306
3lxk,dynamicbind,DynamicBind,aromatic_ring_flatness,1.0
3lxk,dynamicbind,DynamicBind,non-aromatic_ring_non-flatness,1.0
3lxk,dynamicbind,DynamicBind,double_bond_flatness,1.0
3lxk,dynamicbind,DynamicBind,protein-ligand_maximum_distance,1.0
3lxk,dynamicbind,DynamicBind,minimum_distance_to_protein,0.13248407643312102
3lxk,dynamicbind,DynamicBind,minimum_distance_to_organic_cofactors,1.0
3lxk,dynamicbind,DynamicBind,minimum_distance_to_inorganic_cofactors,1.0
3lxk,dynamicbind,DynamicBind,minimum_distance_to_waters,1.0
3lxk,dynamicbind,DynamicBind,volume_overlap_with_protein,0.8815286624203822
3lxk,dynamicbind,DynamicBind,volume_overlap_with_organic_cofactors,1.0
3lxk,dynamicbind,DynamicBind,volume_overlap_with_inorganic_cofactors,1.0
3lxk,dynamicbind,DynamicBind,volume_overlap_with_waters,1.0
3lxk,gnina,GNINA 1.3,mol_pred_loaded,1.0
3lxk,gnina,GNINA 1.3,mol_cond_loaded,1.0
3lxk,gnina,GNINA 1.3,sanitization,0.9961685823754789
3lxk,gnina,GNINA 1.3,inchi_convertible,0.49680715197956576
3lxk,gnina,GNINA 1.3,all_atoms_connected,1.0
3lxk,gnina,GNINA 1.3,bond_lengths,1.0
3lxk,gnina,GNINA 1.3,bond_angles,1.0
3lxk,gnina,GNINA 1.3,internal_steric_clash,0.9884615384615385
3lxk,gnina,GNINA 1.3,aromatic_ring_flatness,1.0
3lxk,gnina,GNINA 1.3,non-aromatic_ring_non-flatness,1.0
3lxk,gnina,GNINA 1.3,double_bond_flatness,1.0
3lxk,gnina,GNINA 1.3,protein-ligand_maximum_distance,1.0
3lxk,gnina,GNINA 1.3,minimum_distance_to_protein,0.3652618135376756
3lxk,gnina,GNINA 1.3,minimum_distance_to_organic_cofactors,0.4074074074074074
3lxk,gnina,GNINA 1.3,minimum_distance_to_inorganic_cofactors,0.4074074074074074
3lxk,gnina,GNINA 1.3,minimum_distance_to_waters,0.006385696040868455
3lxk,gnina,GNINA 1.3,volume_overlap_with_protein,0.3933588761174968
3lxk,gnina,GNINA 1.3,volume_overlap_with_organic_cofactors,0.4086845466155811
3lxk,gnina,GNINA 1.3,volume_overlap_with_inorganic_cofactors,0.4086845466155811
3lxk,gnina,GNINA 1.3,volume_overlap_with_waters,0.2835249042145594
3lxk,qvina,QVina2,mol_pred_loaded,1.0
3lxk,qvina,QVina2,mol_cond_loaded,1.0
3lxk,qvina,QVina2,sanitization,0.9974293059125964
3lxk,qvina,QVina2,inchi_convertible,0.4434447300771208
3lxk,qvina,QVina2,all_atoms_connected,1.0
3lxk,qvina,QVina2,bond_lengths,1.0
3lxk,qvina,QVina2,bond_angles,1.0
3lxk,qvina,QVina2,internal_steric_clash,0.9974226804123711
3lxk,qvina,QVina2,aromatic_ring_flatness,1.0
3lxk,qvina,QVina2,non-aromatic_ring_non-flatness,1.0
3lxk,qvina,QVina2,double_bond_flatness,1.0
3lxk,qvina,QVina2,protein-ligand_maximum_distance,1.0
3lxk,qvina,QVina2,minimum_distance_to_protein,0.7544987146529563
3lxk,qvina,QVina2,minimum_distance_to_organic_cofactors,0.8663239074550129
3lxk,qvina,QVina2,minimum_distance_to_inorganic_cofactors,0.8676092544987146
3lxk,qvina,QVina2,minimum_distance_to_waters,0.0
3lxk,qvina,QVina2,volume_overlap_with_protein,0.7647814910025706
3lxk,qvina,QVina2,volume_overlap_with_organic_cofactors,0.8676092544987146
3lxk,qvina,QVina2,volume_overlap_with_inorganic_cofactors,0.8688946015424165
3lxk,qvina,QVina2,volume_overlap_with_waters,0.5411311053984575
3mjg,boltz2,Boltz-2,mol_pred_loaded,1.0
3mjg,boltz2,Boltz-2,mol_cond_loaded,1.0
3mjg,boltz2,Boltz-2,sanitization,0.9014598540145985
3mjg,boltz2,Boltz-2,inchi_convertible,0.9014598540145985
3mjg,boltz2,Boltz-2,all_atoms_connected,1.0
3mjg,boltz2,Boltz-2,bond_lengths,1.0
3mjg,boltz2,Boltz-2,bond_angles,1.0
3mjg,boltz2,Boltz-2,internal_steric_clash,0.9838056680161943
3mjg,boltz2,Boltz-2,aromatic_ring_flatness,1.0
3mjg,boltz2,Boltz-2,non-aromatic_ring_non-flatness,0.9959514170040485
3mjg,boltz2,Boltz-2,double_bond_flatness,0.9959514170040485
3mjg,boltz2,Boltz-2,protein-ligand_maximum_distance,1.0
3mjg,boltz2,Boltz-2,minimum_distance_to_protein,0.7262773722627737
3mjg,boltz2,Boltz-2,minimum_distance_to_organic_cofactors,1.0
3mjg,boltz2,Boltz-2,minimum_distance_to_inorganic_cofactors,1.0
3mjg,boltz2,Boltz-2,minimum_distance_to_waters,1.0
3mjg,boltz2,Boltz-2,volume_overlap_with_protein,1.0
3mjg,boltz2,Boltz-2,volume_overlap_with_organic_cofactors,1.0
3mjg,boltz2,Boltz-2,volume_overlap_with_inorganic_cofactors,1.0
3mjg,boltz2,Boltz-2,volume_overlap_with_waters,1.0
3mjg,dynamicbind,DynamicBind,mol_pred_loaded,1.0
3mjg,dynamicbind,DynamicBind,mol_cond_loaded,1.0
3mjg,dynamicbind,DynamicBind,sanitization,1.0
3mjg,dynamicbind,DynamicBind,inchi_convertible,1.0
3mjg,dynamicbind,DynamicBind,all_atoms_connected,0.9963636363636363
3mjg,dynamicbind,DynamicBind,bond_lengths,1.0
3mjg,dynamicbind,DynamicBind,bond_angles,1.0
3mjg,dynamicbind,DynamicBind,internal_steric_clash,0.96
3mjg,dynamicbind,DynamicBind,aromatic_ring_flatness,1.0
3mjg,dynamicbind,DynamicBind,non-aromatic_ring_non-flatness,1.0
3mjg,dynamicbind,DynamicBind,double_bond_flatness,1.0
3mjg,dynamicbind,DynamicBind,protein-ligand_maximum_distance,1.0
3mjg,dynamicbind,DynamicBind,minimum_distance_to_protein,0.4
3mjg,dynamicbind,DynamicBind,minimum_distance_to_organic_cofactors,1.0
3mjg,dynamicbind,DynamicBind,minimum_distance_to_inorganic_cofactors,1.0
3mjg,dynamicbind,DynamicBind,minimum_distance_to_waters,1.0
3mjg,dynamicbind,DynamicBind,volume_overlap_with_protein,0.9454545454545454
3mjg,dynamicbind,DynamicBind,volume_overlap_with_organic_cofactors,1.0
3mjg,dynamicbind,DynamicBind,volume_overlap_with_inorganic_cofactors,1.0
3mjg,dynamicbind,DynamicBind,volume_overlap_with_waters,1.0
3mjg,gnina,GNINA 1.3,mol_pred_loaded,1.0
3mjg,gnina,GNINA 1.3,mol_cond_loaded,1.0
3mjg,gnina,GNINA 1.3,sanitization,0.7611940298507462
3mjg,gnina,GNINA 1.3,inchi_convertible,0.417910447761194
3mjg,gnina,GNINA 1.3,all_atoms_connected,1.0
3mjg,gnina,GNINA 1.3,bond_lengths,1.0
3mjg,gnina,GNINA 1.3,bond_angles,1.0
3mjg,gnina,GNINA 1.3,internal_steric_clash,1.0
3mjg,gnina,GNINA 1.3,aromatic_ring_flatness,1.0
3mjg,gnina,GNINA 1.3,non-aromatic_ring_non-flatness,1.0
3mjg,gnina,GNINA 1.3,double_bond_flatness,0.9950980392156863
3mjg,gnina,GNINA 1.3,protein-ligand_maximum_distance,0.8582089552238806
3mjg,gnina,GNINA 1.3,minimum_distance_to_protein,0.44776119402985076
3mjg,gnina,GNINA 1.3,minimum_distance_to_organic_cofactors,0.9813432835820896
3mjg,gnina,GNINA 1.3,minimum_distance_to_inorganic_cofactors,1.0
3mjg,gnina,GNINA 1.3,minimum_distance_to_waters,0.22761194029850745
3mjg,gnina,GNINA 1.3,volume_overlap_with_protein,0.5410447761194029
3mjg,gnina,GNINA 1.3,volume_overlap_with_organic_cofactors,0.996268656716418
3mjg,gnina,GNINA 1.3,volume_overlap_with_inorganic_cofactors,1.0
3mjg,gnina,GNINA 1.3,volume_overlap_with_waters,0.9104477611940298
3mjg,qvina,QVina2,mol_pred_loaded,1.0
3mjg,qvina,QVina2,mol_cond_loaded,1.0
3mjg,qvina,QVina2,sanitization,0.7574626865671642
3mjg,qvina,QVina2,inchi_convertible,0.417910447761194
3mjg,qvina,QVina2,all_atoms_connected,1.0
3mjg,qvina,QVina2,bond_lengths,1.0
3mjg,qvina,QVina2,bond_angles,1.0
3mjg,qvina,QVina2,internal_steric_clash,1.0
3mjg,qvina,QVina2,aromatic_ring_flatness,1.0
3mjg,qvina,QVina2,non-aromatic_ring_non-flatness,1.0
3mjg,qvina,QVina2,double_bond_flatness,0.9950738916256158
3mjg,qvina,QVina2,protein-ligand_maximum_distance,1.0
3mjg,qvina,QVina2,minimum_distance_to_protein,0.19029850746268656
3mjg,qvina,QVina2,minimum_distance_to_organic_cofactors,1.0
3mjg,qvina,QVina2,minimum_distance_to_inorganic_cofactors,1.0
3mjg,qvina,QVina2,minimum_distance_to_waters,0.026119402985074626
3mjg,qvina,QVina2,volume_overlap_with_protein,0.24253731343283583
3mjg,qvina,QVina2,volume_overlap_with_organic_cofactors,1.0
3mjg,qvina,QVina2,volume_overlap_with_inorganic_cofactors,1.0
3mjg,qvina,QVina2,volume_overlap_with_waters,0.6417910447761194
4ase,boltz2,Boltz-2,mol_pred_loaded,1.0
4ase,boltz2,Boltz-2,mol_cond_loaded,1.0
4ase,boltz2,Boltz-2,sanitization,0.874328678839957
4ase,boltz2,Boltz-2,inchi_convertible,0.874328678839957
4ase,boltz2,Boltz-2,all_atoms_connected,1.0
4ase,boltz2,Boltz-2,bond_lengths,1.0
4ase,boltz2,Boltz-2,bond_angles,1.0
4ase,boltz2,Boltz-2,internal_steric_clash,0.9877149877149877
4ase,boltz2,Boltz-2,aromatic_ring_flatness,1.0
4ase,boltz2,Boltz-2,non-aromatic_ring_non-flatness,0.9926289926289926
4ase,boltz2,Boltz-2,double_bond_flatness,0.9975429975429976
4ase,boltz2,Boltz-2,protein-ligand_maximum_distance,1.0
4ase,boltz2,Boltz-2,minimum_distance_to_protein,0.9129967776584318
4ase,boltz2,Boltz-2,minimum_distance_to_organic_cofactors,1.0
4ase,boltz2,Boltz-2,minimum_distance_to_inorganic_cofactors,1.0
4ase,boltz2,Boltz-2,minimum_distance_to_waters,1.0
4ase,boltz2,Boltz-2,volume_overlap_with_protein,1.0
4ase,boltz2,Boltz-2,volume_overlap_with_organic_cofactors,1.0
4ase,boltz2,Boltz-2,volume_overlap_with_inorganic_cofactors,1.0
4ase,boltz2,Boltz-2,volume_overlap_with_waters,1.0
4ase,dynamicbind,DynamicBind,mol_pred_loaded,1.0
4ase,dynamicbind,DynamicBind,mol_cond_loaded,1.0
4ase,dynamicbind,DynamicBind,sanitization,1.0
4ase,dynamicbind,DynamicBind,inchi_convertible,1.0
4ase,dynamicbind,DynamicBind,all_atoms_connected,0.9988571428571429
4ase,dynamicbind,DynamicBind,bond_lengths,1.0
4ase,dynamicbind,DynamicBind,bond_angles,1.0
4ase,dynamicbind,DynamicBind,internal_steric_clash,0.9828571428571429
4ase,dynamicbind,DynamicBind,aromatic_ring_flatness,1.0
4ase,dynamicbind,DynamicBind,non-aromatic_ring_non-flatness,1.0
4ase,dynamicbind,DynamicBind,double_bond_flatness,1.0
4ase,dynamicbind,DynamicBind,protein-ligand_maximum_distance,1.0
4ase,dynamicbind,DynamicBind,minimum_distance_to_protein,0.27885714285714286
4ase,dynamicbind,DynamicBind,minimum_distance_to_organic_cofactors,1.0
4ase,dynamicbind,DynamicBind,minimum_distance_to_inorganic_cofactors,1.0
4ase,dynamicbind,DynamicBind,minimum_distance_to_waters,1.0
4ase,dynamicbind,DynamicBind,volume_overlap_with_protein,0.9085714285714286
4ase,dynamicbind,DynamicBind,volume_overlap_with_organic_cofactors,1.0
4ase,dynamicbind,DynamicBind,volume_overlap_with_inorganic_cofactors,1.0
4ase,dynamicbind,DynamicBind,volume_overlap_with_waters,1.0
4ase,gnina,GNINA 1.3,mol_pred_loaded,1.0
4ase,gnina,GNINA 1.3,mol_cond_loaded,1.0
4ase,gnina,GNINA 1.3,sanitization,0.928
4ase,gnina,GNINA 1.3,inchi_convertible,0.6297142857142857
4ase,gnina,GNINA 1.3,all_atoms_connected,1.0
4ase,gnina,GNINA 1.3,bond_lengths,1.0
4ase,gnina,GNINA 1.3,bond_angles,1.0
4ase,gnina,GNINA 1.3,internal_steric_clash,0.9852216748768473
4ase,gnina,GNINA 1.3,aromatic_ring_flatness,1.0
4ase,gnina,GNINA 1.3,non-aromatic_ring_non-flatness,1.0
4ase,gnina,GNINA 1.3,double_bond_flatness,0.9963054187192119
4ase,gnina,GNINA 1.3,protein-ligand_maximum_distance,1.0
4ase,gnina,GNINA 1.3,minimum_distance_to_protein,0.0
4ase,gnina,GNINA 1.3,minimum_distance_to_organic_cofactors,0.0
4ase,gnina,GNINA 1.3,minimum_distance_to_inorganic_cofactors,0.001142857142857143
4ase,gnina,GNINA 1.3,minimum_distance_to_waters,0.0
4ase,gnina,GNINA 1.3,volume_overlap_with_protein,0.001142857142857143
4ase,gnina,GNINA 1.3,volume_overlap_with_organic_cofactors,0.001142857142857143
4ase,gnina,GNINA 1.3,volume_overlap_with_inorganic_cofactors,0.002285714285714286
4ase,gnina,GNINA 1.3,volume_overlap_with_waters,0.001142857142857143
4ase,qvina,QVina2,mol_pred_loaded,1.0
4ase,qvina,QVina2,mol_cond_loaded,1.0
4ase,qvina,QVina2,sanitization,0.9292343387470998
4ase,qvina,QVina2,inchi_convertible,0.6299303944315545
4ase,qvina,QVina2,all_atoms_connected,1.0
4ase,qvina,QVina2,bond_lengths,1.0
4ase,qvina,QVina2,bond_angles,1.0
4ase,qvina,QVina2,internal_steric_clash,1.0
4ase,qvina,QVina2,aromatic_ring_flatness,1.0
4ase,qvina,QVina2,non-aromatic_ring_non-flatness,1.0
4ase,qvina,QVina2,double_bond_flatness,0.9962546816479401
4ase,qvina,QVina2,protein-ligand_maximum_distance,1.0
4ase,qvina,QVina2,minimum_distance_to_protein,0.0034802784222737818
4ase,qvina,QVina2,minimum_distance_to_organic_cofactors,0.0034802784222737818
4ase,qvina,QVina2,minimum_distance_to_inorganic_cofactors,0.0069605568445475635
4ase,qvina,QVina2,minimum_distance_to_waters,0.0
4ase,qvina,QVina2,volume_overlap_with_protein,0.008120649651972157
4ase,qvina,QVina2,volume_overlap_with_organic_cofactors,0.008120649651972157
4ase,qvina,QVina2,volume_overlap_with_inorganic_cofactors,0.02088167053364269
4ase,qvina,QVina2,volume_overlap_with_waters,0.001160092807424594
4f65,boltz2,Boltz-2,mol_pred_loaded,1.0
4f65,boltz2,Boltz-2,mol_cond_loaded,1.0
4f65,boltz2,Boltz-2,sanitization,0.950920245398773
4f65,boltz2,Boltz-2,inchi_convertible,0.950920245398773
4f65,boltz2,Boltz-2,all_atoms_connected,1.0
4f65,boltz2,Boltz-2,bond_lengths,1.0
4f65,boltz2,Boltz-2,bond_angles,1.0
4f65,boltz2,Boltz-2,internal_steric_clash,1.0
4f65,boltz2,Boltz-2,aromatic_ring_flatness,1.0
4f65,boltz2,Boltz-2,non-aromatic_ring_non-flatness,1.0
4f65,boltz2,Boltz-2,double_bond_flatness,1.0
4f65,boltz2,Boltz-2,protein-ligand_maximum_distance,1.0
4f65,boltz2,Boltz-2,minimum_distance_to_protein,0.9631901840490797
4f65,boltz2,Boltz-2,minimum_distance_to_organic_cofactors,1.0
4f65,boltz2,Boltz-2,minimum_distance_to_inorganic_cofactors,1.0
4f65,boltz2,Boltz-2,minimum_distance_to_waters,1.0
4f65,boltz2,Boltz-2,volume_overlap_with_protein,1.0
4f65,boltz2,Boltz-2,volume_overlap_with_organic_cofactors,1.0
4f65,boltz2,Boltz-2,volume_overlap_with_inorganic_cofactors,1.0
4f65,boltz2,Boltz-2,volume_overlap_with_waters,1.0
4f65,dynamicbind,DynamicBind,mol_pred_loaded,1.0
4f65,dynamicbind,DynamicBind,mol_cond_loaded,1.0
4f65,dynamicbind,DynamicBind,sanitization,1.0
4f65,dynamicbind,DynamicBind,inchi_convertible,1.0
4f65,dynamicbind,DynamicBind,all_atoms_connected,1.0
4f65,dynamicbind,DynamicBind,bond_lengths,1.0
4f65,dynamicbind,DynamicBind,bond_angles,1.0
4f65,dynamicbind,DynamicBind,internal_steric_clash,1.0
4f65,dynamicbind,DynamicBind,aromatic_ring_flatness,1.0
4f65,dynamicbind,DynamicBind,non-aromatic_ring_non-flatness,1.0
4f65,dynamicbind,DynamicBind,double_bond_flatness,1.0
4f65,dynamicbind,DynamicBind,protein-ligand_maximum_distance,1.0
4f65,dynamicbind,DynamicBind,minimum_distance_to_protein,0.7313432835820896
4f65,dynamicbind,DynamicBind,minimum_distance_to_organic_cofactors,1.0
4f65,dynamicbind,DynamicBind,minimum_distance_to_inorganic_cofactors,1.0
4f65,dynamicbind,DynamicBind,minimum_distance_to_waters,1.0
4f65,dynamicbind,DynamicBind,volume_overlap_with_protein,0.9552238805970149
4f65,dynamicbind,DynamicBind,volume_overlap_with_organic_cofactors,1.0
4f65,dynamicbind,DynamicBind,volume_overlap_with_inorganic_cofactors,1.0
4f65,dynamicbind,DynamicBind,volume_overlap_with_waters,1.0
4f65,gnina,GNINA 1.3,mol_pred_loaded,1.0
4f65,gnina,GNINA 1.3,mol_cond_loaded,1.0
4f65,gnina,GNINA 1.3,sanitization,0.46616541353383456
4f65,gnina,GNINA 1.3,inchi_convertible,0.16541353383458646
4f65,gnina,GNINA 1.3,all_atoms_connected,1.0
4f65,gnina,GNINA 1.3,bond_lengths,0.967741935483871
4f65,gnina,GNINA 1.3,bond_angles,0.9838709677419355
4f65,gnina,GNINA 1.3,internal_steric_clash,1.0
4f65,gnina,GNINA 1.3,aromatic_ring_flatness,1.0
4f65,gnina,GNINA 1.3,non-aromatic_ring_non-flatness,1.0
4f65,gnina,GNINA 1.3,double_bond_flatness,1.0
4f65,gnina,GNINA 1.3,protein-ligand_maximum_distance,1.0
4f65,gnina,GNINA 1.3,minimum_distance_to_protein,0.0
4f65,gnina,GNINA 1.3,minimum_distance_to_organic_cofactors,0.0
4f65,gnina,GNINA 1.3,minimum_distance_to_inorganic_cofactors,0.0
4f65,gnina,GNINA 1.3,minimum_distance_to_waters,0.0
4f65,gnina,GNINA 1.3,volume_overlap_with_protein,0.0
4f65,gnina,GNINA 1.3,volume_overlap_with_organic_cofactors,0.0
4f65,gnina,GNINA 1.3,volume_overlap_with_inorganic_cofactors,0.0
4f65,gnina,GNINA 1.3,volume_overlap_with_waters,0.0
4f65,qvina,QVina2,mol_pred_loaded,1.0
4f65,qvina,QVina2,mol_cond_loaded,1.0
4f65,qvina,QVina2,sanitization,0.47244094488188976
4f65,qvina,QVina2,inchi_convertible,0.1732283464566929
4f65,qvina,QVina2,all_atoms_connected,1.0
4f65,qvina,QVina2,bond_lengths,1.0
4f65,qvina,QVina2,bond_angles,1.0
4f65,qvina,QVina2,internal_steric_clash,0.9833333333333333
4f65,qvina,QVina2,aromatic_ring_flatness,1.0
4f65,qvina,QVina2,non-aromatic_ring_non-flatness,1.0
4f65,qvina,QVina2,double_bond_flatness,1.0
4f65,qvina,QVina2,protein-ligand_maximum_distance,1.0
4f65,qvina,QVina2,minimum_distance_to_protein,0.0
4f65,qvina,QVina2,minimum_distance_to_organic_cofactors,0.015748031496062992
4f65,qvina,QVina2,minimum_distance_to_inorganic_cofactors,0.015748031496062992
4f65,qvina,QVina2,minimum_distance_to_waters,0.0
4f65,qvina,QVina2,volume_overlap_with_protein,0.007874015748031496
4f65,qvina,QVina2,volume_overlap_with_organic_cofactors,0.015748031496062992
4f65,qvina,QVina2,volume_overlap_with_inorganic_cofactors,0.015748031496062992
4f65,qvina,QVina2,volume_overlap_with_waters,0.015748031496062992
4tz4,boltz2,Boltz-2,mol_pred_loaded,1.0
4tz4,boltz2,Boltz-2,mol_cond_loaded,1.0
4tz4,boltz2,Boltz-2,sanitization,0.9380530973451328
4tz4,boltz2,Boltz-2,inchi_convertible,0.9380530973451328
4tz4,boltz2,Boltz-2,all_atoms_connected,1.0
4tz4,boltz2,Boltz-2,bond_lengths,1.0
4tz4,boltz2,Boltz-2,bond_angles,1.0
4tz4,boltz2,Boltz-2,internal_steric_clash,0.9905660377358491
4tz4,boltz2,Boltz-2,aromatic_ring_flatness,1.0
4tz4,boltz2,Boltz-2,non-aromatic_ring_non-flatness,0.9811320754716981
4tz4,boltz2,Boltz-2,double_bond_flatness,1.0
4tz4,boltz2,Boltz-2,protein-ligand_maximum_distance,1.0
4tz4,boltz2,Boltz-2,minimum_distance_to_protein,0.9734513274336283
4tz4,boltz2,Boltz-2,minimum_distance_to_organic_cofactors,1.0
4tz4,boltz2,Boltz-2,minimum_distance_to_inorganic_cofactors,1.0
4tz4,boltz2,Boltz-2,minimum_distance_to_waters,1.0
4tz4,boltz2,Boltz-2,volume_overlap_with_protein,1.0
4tz4,boltz2,Boltz-2,volume_overlap_with_organic_cofactors,1.0
4tz4,boltz2,Boltz-2,volume_overlap_with_inorganic_cofactors,1.0
4tz4,boltz2,Boltz-2,volume_overlap_with_waters,1.0
4tz4,dynamicbind,DynamicBind,mol_pred_loaded,1.0
4tz4,dynamicbind,DynamicBind,mol_cond_loaded,1.0
4tz4,dynamicbind,DynamicBind,sanitization,1.0
4tz4,dynamicbind,DynamicBind,inchi_convertible,1.0
4tz4,dynamicbind,DynamicBind,all_atoms_connected,1.0
4tz4,dynamicbind,DynamicBind,bond_lengths,1.0
4tz4,dynamicbind,DynamicBind,bond_angles,1.0
4tz4,dynamicbind,DynamicBind,internal_steric_clash,0.984251968503937
4tz4,dynamicbind,DynamicBind,aromatic_ring_flatness,1.0
4tz4,dynamicbind,DynamicBind,non-aromatic_ring_non-flatness,1.0
4tz4,dynamicbind,DynamicBind,double_bond_flatness,1.0
4tz4,dynamicbind,DynamicBind,protein-ligand_maximum_distance,1.0
4tz4,dynamicbind,DynamicBind,minimum_distance_to_protein,0.12598425196850394
4tz4,dynamicbind,DynamicBind,minimum_distance_to_organic_cofactors,1.0
4tz4,dynamicbind,DynamicBind,minimum_distance_to_inorganic_cofactors,1.0
4tz4,dynamicbind,DynamicBind,minimum_distance_to_waters,1.0
4tz4,dynamicbind,DynamicBind,volume_overlap_with_protein,0.4015748031496063
4tz4,dynamicbind,DynamicBind,volume_overlap_with_organic_cofactors,1.0
4tz4,dynamicbind,DynamicBind,volume_overlap_with_inorganic_cofactors,1.0
4tz4,dynamicbind,DynamicBind,volume_overlap_with_waters,1.0
4tz4,gnina,GNINA 1.3,mol_pred_loaded,1.0
4tz4,gnina,GNINA 1.3,mol_cond_loaded,1.0
4tz4,gnina,GNINA 1.3,sanitization,1.0
4tz4,gnina,GNINA 1.3,inchi_convertible,0.8888888888888888
4tz4,gnina,GNINA 1.3,all_atoms_connected,1.0
4tz4,gnina,GNINA 1.3,bond_lengths,1.0
4tz4,gnina,GNINA 1.3,bond_angles,1.0
4tz4,gnina,GNINA 1.3,internal_steric_clash,1.0
4tz4,gnina,GNINA 1.3,aromatic_ring_flatness,1.0
4tz4,gnina,GNINA 1.3,non-aromatic_ring_non-flatness,1.0
4tz4,gnina,GNINA 1.3,double_bond_flatness,1.0
4tz4,gnina,GNINA 1.3,protein-ligand_maximum_distance,1.0
4tz4,gnina,GNINA 1.3,minimum_distance_to_protein,0.0
4tz4,gnina,GNINA 1.3,minimum_distance_to_organic_cofactors,0.746031746031746
4tz4,gnina,GNINA 1.3,minimum_distance_to_inorganic_cofactors,0.8492063492063492
4tz4,gnina,GNINA 1.3,minimum_distance_to_waters,0.7380952380952381
4tz4,gnina,GNINA 1.3,volume_overlap_with_protein,0.007936507936507936
4tz4,gnina,GNINA 1.3,volume_overlap_with_organic_cofactors,0.8650793650793651
4tz4,gnina,GNINA 1.3,volume_overlap_with_inorganic_cofactors,0.8809523809523809
4tz4,gnina,GNINA 1.3,volume_overlap_with_waters,0.8809523809523809
4tz4,qvina,QVina2,mol_pred_loaded,1.0
4tz4,qvina,QVina2,mol_cond_loaded,1.0
4tz4,qvina,QVina2,sanitization,1.0
4tz4,qvina,QVina2,inchi_convertible,0.8809523809523809
4tz4,qvina,QVina2,all_atoms_connected,1.0
4tz4,qvina,QVina2,bond_lengths,1.0
4tz4,qvina,QVina2,bond_angles,1.0
4tz4,qvina,QVina2,internal_steric_clash,1.0
4tz4,qvina,QVina2,aromatic_ring_flatness,1.0
4tz4,qvina,QVina2,non-aromatic_ring_non-flatness,1.0
4tz4,qvina,QVina2,double_bond_flatness,1.0
4tz4,qvina,QVina2,protein-ligand_maximum_distance,1.0
4tz4,qvina,QVina2,minimum_distance_to_protein,0.8015873015873016
4tz4,qvina,QVina2,minimum_distance_to_organic_cofactors,1.0
4tz4,qvina,QVina2,minimum_distance_to_inorganic_cofactors,1.0
4tz4,qvina,QVina2,minimum_distance_to_waters,0.8571428571428571
4tz4,qvina,QVina2,volume_overlap_with_protein,0.873015873015873
4tz4,qvina,QVina2,volume_overlap_with_organic_cofactors,1.0
4tz4,qvina,QVina2,volume_overlap_with_inorganic_cofactors,1.0
4tz4,qvina,QVina2,volume_overlap_with_waters,1.0
4zau,boltz2,Boltz-2,mol_pred_loaded,1.0
4zau,boltz2,Boltz-2,mol_cond_loaded,1.0
4zau,boltz2,Boltz-2,sanitization,0.7872340425531915
4zau,boltz2,Boltz-2,inchi_convertible,0.7872340425531915
4zau,boltz2,Boltz-2,all_atoms_connected,1.0
4zau,boltz2,Boltz-2,bond_lengths,1.0
4zau,boltz2,Boltz-2,bond_angles,1.0
4zau,boltz2,Boltz-2,internal_steric_clash,0.8756756756756757
4zau,boltz2,Boltz-2,aromatic_ring_flatness,1.0
4zau,boltz2,Boltz-2,non-aromatic_ring_non-flatness,0.972972972972973
4zau,boltz2,Boltz-2,double_bond_flatness,1.0
4zau,boltz2,Boltz-2,protein-ligand_maximum_distance,1.0
4zau,boltz2,Boltz-2,minimum_distance_to_protein,0.8808510638297873
4zau,boltz2,Boltz-2,minimum_distance_to_organic_cofactors,1.0
4zau,boltz2,Boltz-2,minimum_distance_to_inorganic_cofactors,1.0
4zau,boltz2,Boltz-2,minimum_distance_to_waters,1.0
4zau,boltz2,Boltz-2,volume_overlap_with_protein,1.0
4zau,boltz2,Boltz-2,volume_overlap_with_organic_cofactors,1.0
4zau,boltz2,Boltz-2,volume_overlap_with_inorganic_cofactors,1.0
4zau,boltz2,Boltz-2,volume_overlap_with_waters,1.0
4zau,dynamicbind,DynamicBind,mol_pred_loaded,1.0
4zau,dynamicbind,DynamicBind,mol_cond_loaded,1.0
4zau,dynamicbind,DynamicBind,sanitization,1.0
4zau,dynamicbind,DynamicBind,inchi_convertible,1.0
4zau,dynamicbind,DynamicBind,all_atoms_connected,1.0
4zau,dynamicbind,DynamicBind,bond_lengths,1.0
4zau,dynamicbind,DynamicBind,bond_angles,1.0
4zau,dynamicbind,DynamicBind,internal_steric_clash,0.952191235059761
4zau,dynamicbind,DynamicBind,aromatic_ring_flatness,1.0
4zau,dynamicbind,DynamicBind,non-aromatic_ring_non-flatness,1.0
4zau,dynamicbind,DynamicBind,double_bond_flatness,1.0
4zau,dynamicbind,DynamicBind,protein-ligand_maximum_distance,1.0
4zau,dynamicbind,DynamicBind,minimum_distance_to_protein,0.32669322709163345
4zau,dynamicbind,DynamicBind,minimum_distance_to_organic_cofactors,1.0
4zau,dynamicbind,DynamicBind,minimum_distance_to_inorganic_cofactors,1.0
4zau,dynamicbind,DynamicBind,minimum_distance_to_waters,1.0
4zau,dynamicbind,DynamicBind,volume_overlap_with_protein,0.8565737051792829
4zau,dynamicbind,DynamicBind,volume_overlap_with_organic_cofactors,1.0
4zau,dynamicbind,DynamicBind,volume_overlap_with_inorganic_cofactors,1.0
4zau,dynamicbind,DynamicBind,volume_overlap_with_waters,1.0
4zau,gnina,GNINA 1.3,mol_pred_loaded,1.0
4zau,gnina,GNINA 1.3,mol_cond_loaded,1.0
4zau,gnina,GNINA 1.3,sanitization,0.9959514170040485
4zau,gnina,GNINA 1.3,inchi_convertible,0.7246963562753036
4zau,gnina,GNINA 1.3,all_atoms_connected,1.0
4zau,gnina,GNINA 1.3,bond_lengths,1.0
4zau,gnina,GNINA 1.3,bond_angles,1.0
4zau,gnina,GNINA 1.3,internal_steric_clash,1.0
4zau,gnina,GNINA 1.3,aromatic_ring_flatness,1.0
4zau,gnina,GNINA 1.3,non-aromatic_ring_non-flatness,1.0
4zau,gnina,GNINA 1.3,double_bond_flatness,1.0
4zau,gnina,GNINA 1.3,protein-ligand_maximum_distance,1.0
4zau,gnina,GNINA 1.3,minimum_distance_to_protein,0.0
4zau,gnina,GNINA 1.3,minimum_distance_to_organic_cofactors,0.0
4zau,gnina,GNINA 1.3,minimum_distance_to_inorganic_cofactors,0.0
4zau,gnina,GNINA 1.3,minimum_distance_to_waters,0.0
4zau,gnina,GNINA 1.3,volume_overlap_with_protein,0.0
4zau,gnina,GNINA 1.3,volume_overlap_with_organic_cofactors,0.0
4zau,gnina,GNINA 1.3,volume_overlap_with_inorganic_cofactors,0.0
4zau,gnina,GNINA 1.3,volume_overlap_with_waters,0.0
4zau,qvina,QVina2,mol_pred_loaded,1.0
4zau,qvina,QVina2,mol_cond_loaded,1.0
4zau,qvina,QVina2,sanitization,0.9959514170040485
4zau,qvina,QVina2,inchi_convertible,0.7246963562753036
4zau,qvina,QVina2,all_atoms_connected,1.0
4zau,qvina,QVina2,bond_lengths,1.0
4zau,qvina,QVina2,bond_angles,1.0
4zau,qvina,QVina2,internal_steric_clash,1.0
4zau,qvina,QVina2,aromatic_ring_flatness,1.0
4zau,qvina,QVina2,non-aromatic_ring_non-flatness,1.0
4zau,qvina,QVina2,double_bond_flatness,1.0
4zau,qvina,QVina2,protein-ligand_maximum_distance,1.0
4zau,qvina,QVina2,minimum_distance_to_protein,0.0
4zau,qvina,QVina2,minimum_distance_to_organic_cofactors,0.0
4zau,qvina,QVina2,minimum_distance_to_inorganic_cofactors,0.0
4zau,qvina,QVina2,minimum_distance_to_waters,0.0
4zau,qvina,QVina2,volume_overlap_with_protein,0.0
4zau,qvina,QVina2,volume_overlap_with_organic_cofactors,0.0
4zau,qvina,QVina2,volume_overlap_with_inorganic_cofactors,0.0
4zau,qvina,QVina2,volume_overlap_with_waters,0.0
5jkv,boltz2,Boltz-2,mol_pred_loaded,1.0
5jkv,boltz2,Boltz-2,mol_cond_loaded,1.0
5jkv,boltz2,Boltz-2,sanitization,1.0
5jkv,boltz2,Boltz-2,inchi_convertible,1.0
5jkv,boltz2,Boltz-2,all_atoms_connected,1.0
5jkv,boltz2,Boltz-2,bond_lengths,1.0
5jkv,boltz2,Boltz-2,bond_angles,0.9980916030534351
5jkv,boltz2,Boltz-2,internal_steric_clash,1.0
5jkv,boltz2,Boltz-2,aromatic_ring_flatness,1.0
5jkv,boltz2,Boltz-2,non-aromatic_ring_non-flatness,0.9980916030534351
5jkv,boltz2,Boltz-2,double_bond_flatness,1.0
5jkv,boltz2,Boltz-2,protein-ligand_maximum_distance,1.0
5jkv,boltz2,Boltz-2,minimum_distance_to_protein,0.8072519083969466
5jkv,boltz2,Boltz-2,minimum_distance_to_organic_cofactors,1.0
5jkv,boltz2,Boltz-2,minimum_distance_to_inorganic_cofactors,1.0
5jkv,boltz2,Boltz-2,minimum_distance_to_waters,1.0
5jkv,boltz2,Boltz-2,volume_overlap_with_protein,1.0
5jkv,boltz2,Boltz-2,volume_overlap_with_organic_cofactors,1.0
5jkv,boltz2,Boltz-2,volume_overlap_with_inorganic_cofactors,1.0
5jkv,boltz2,Boltz-2,volume_overlap_with_waters,1.0
5jkv,dynamicbind,DynamicBind,mol_pred_loaded,1.0
5jkv,dynamicbind,DynamicBind,mol_cond_loaded,1.0
5jkv,dynamicbind,DynamicBind,sanitization,1.0
5jkv,dynamicbind,DynamicBind,inchi_convertible,1.0
5jkv,dynamicbind,DynamicBind,all_atoms_connected,0.9981718464351006
5jkv,dynamicbind,DynamicBind,bond_lengths,1.0
5jkv,dynamicbind,DynamicBind,bond_angles,1.0
5jkv,dynamicbind,DynamicBind,internal_steric_clash,0.9853747714808044
5jkv,dynamicbind,DynamicBind,aromatic_ring_flatness,1.0
5jkv,dynamicbind,DynamicBind,non-aromatic_ring_non-flatness,0.9981718464351006
5jkv,dynamicbind,DynamicBind,double_bond_flatness,1.0
5jkv,dynamicbind,DynamicBind,protein-ligand_maximum_distance,1.0
5jkv,dynamicbind,DynamicBind,minimum_distance_to_protein,0.009140767824497258
5jkv,dynamicbind,DynamicBind,minimum_distance_to_organic_cofactors,1.0
5jkv,dynamicbind,DynamicBind,minimum_distance_to_inorganic_cofactors,1.0
5jkv,dynamicbind,DynamicBind,minimum_distance_to_waters,1.0
5jkv,dynamicbind,DynamicBind,volume_overlap_with_protein,0.1882998171846435
5jkv,dynamicbind,DynamicBind,volume_overlap_with_organic_cofactors,1.0
5jkv,dynamicbind,DynamicBind,volume_overlap_with_inorganic_cofactors,1.0
5jkv,dynamicbind,DynamicBind,volume_overlap_with_waters,1.0
5jkv,gnina,GNINA 1.3,mol_pred_loaded,1.0
5jkv,gnina,GNINA 1.3,mol_cond_loaded,1.0
5jkv,gnina,GNINA 1.3,sanitization,1.0
5jkv,gnina,GNINA 1.3,inchi_convertible,0.8848263254113345
5jkv,gnina,GNINA 1.3,all_atoms_connected,1.0
5jkv,gnina,GNINA 1.3,bond_lengths,1.0
5jkv,gnina,GNINA 1.3,bond_angles,1.0
5jkv,gnina,GNINA 1.3,internal_steric_clash,0.9890310786106032
5jkv,gnina,GNINA 1.3,aromatic_ring_flatness,1.0
5jkv,gnina,GNINA 1.3,non-aromatic_ring_non-flatness,1.0
5jkv,gnina,GNINA 1.3,double_bond_flatness,1.0
5jkv,gnina,GNINA 1.3,protein-ligand_maximum_distance,1.0
5jkv,gnina,GNINA 1.3,minimum_distance_to_protein,0.45886654478976235
5jkv,gnina,GNINA 1.3,minimum_distance_to_organic_cofactors,0.45886654478976235
5jkv,gnina,GNINA 1.3,minimum_distance_to_inorganic_cofactors,0.5356489945155393
5jkv,gnina,GNINA 1.3,minimum_distance_to_waters,0.3820840950639854
5jkv,gnina,GNINA 1.3,volume_overlap_with_protein,0.5447897623400365
5jkv,gnina,GNINA 1.3,volume_overlap_with_organic_cofactors,0.5447897623400365
5jkv,gnina,GNINA 1.3,volume_overlap_with_inorganic_cofactors,0.5685557586837294
5jkv,gnina,GNINA 1.3,volume_overlap_with_waters,0.5685557586837294
5jkv,qvina,QVina2,mol_pred_loaded,1.0
5jkv,qvina,QVina2,mol_cond_loaded,1.0
5jkv,qvina,QVina2,sanitization,1.0
5jkv,qvina,QVina2,inchi_convertible,0.8829981718464351
5jkv,qvina,QVina2,all_atoms_connected,1.0
5jkv,qvina,QVina2,bond_lengths,1.0
5jkv,qvina,QVina2,bond_angles,1.0
5jkv,qvina,QVina2,internal_steric_clash,0.9872029250457038
5jkv,qvina,QVina2,aromatic_ring_flatness,1.0
5jkv,qvina,QVina2,non-aromatic_ring_non-flatness,1.0
5jkv,qvina,QVina2,double_bond_flatness,1.0
5jkv,qvina,QVina2,protein-ligand_maximum_distance,1.0
5jkv,qvina,QVina2,minimum_distance_to_protein,0.6179159049360147
5jkv,qvina,QVina2,minimum_distance_to_organic_cofactors,0.6179159049360147
5jkv,qvina,QVina2,minimum_distance_to_inorganic_cofactors,0.7385740402193784
5jkv,qvina,QVina2,minimum_distance_to_waters,0.31444241316270566
5jkv,qvina,QVina2,volume_overlap_with_protein,0.773308957952468
5jkv,qvina,QVina2,volume_overlap_with_organic_cofactors,0.7824497257769653
5jkv,qvina,QVina2,volume_overlap_with_inorganic_cofactors,0.8117001828153565
5jkv,qvina,QVina2,volume_overlap_with_waters,0.829981718464351
5mo4,boltz2,Boltz-2,mol_pred_loaded,1.0
5mo4,boltz2,Boltz-2,mol_cond_loaded,1.0
5mo4,boltz2,Boltz-2,sanitization,0.7859477124183006
5mo4,boltz2,Boltz-2,inchi_convertible,0.7859477124183006
5mo4,boltz2,Boltz-2,all_atoms_connected,1.0
5mo4,boltz2,Boltz-2,bond_lengths,1.0
5mo4,boltz2,Boltz-2,bond_angles,1.0
5mo4,boltz2,Boltz-2,internal_steric_clash,0.27546777546777546
5mo4,boltz2,Boltz-2,aromatic_ring_flatness,1.0
5mo4,boltz2,Boltz-2,non-aromatic_ring_non-flatness,0.9958419958419958
5mo4,boltz2,Boltz-2,double_bond_flatness,1.0
5mo4,boltz2,Boltz-2,protein-ligand_maximum_distance,1.0
5mo4,boltz2,Boltz-2,minimum_distance_to_protein,0.9321895424836601
5mo4,boltz2,Boltz-2,minimum_distance_to_organic_cofactors,1.0
5mo4,boltz2,Boltz-2,minimum_distance_to_inorganic_cofactors,1.0
5mo4,boltz2,Boltz-2,minimum_distance_to_waters,1.0
5mo4,boltz2,Boltz-2,volume_overlap_with_protein,1.0
5mo4,boltz2,Boltz-2,volume_overlap_with_organic_cofactors,1.0
5mo4,boltz2,Boltz-2,volume_overlap_with_inorganic_cofactors,1.0
5mo4,boltz2,Boltz-2,volume_overlap_with_waters,1.0
5mo4,dynamicbind,DynamicBind,mol_pred_loaded,1.0
5mo4,dynamicbind,DynamicBind,mol_cond_loaded,1.0
5mo4,dynamicbind,DynamicBind,sanitization,1.0
5mo4,dynamicbind,DynamicBind,inchi_convertible,1.0
5mo4,dynamicbind,DynamicBind,all_atoms_connected,0.9956709956709957
5mo4,dynamicbind,DynamicBind,bond_lengths,1.0
5mo4,dynamicbind,DynamicBind,bond_angles,1.0
5mo4,dynamicbind,DynamicBind,internal_steric_clash,0.98989898989899
5mo4,dynamicbind,DynamicBind,aromatic_ring_flatness,1.0
5mo4,dynamicbind,DynamicBind,non-aromatic_ring_non-flatness,1.0
5mo4,dynamicbind,DynamicBind,double_bond_flatness,1.0
5mo4,dynamicbind,DynamicBind,protein-ligand_maximum_distance,1.0
5mo4,dynamicbind,DynamicBind,minimum_distance_to_protein,0.020202020202020204
5mo4,dynamicbind,DynamicBind,minimum_distance_to_organic_cofactors,1.0
5mo4,dynamicbind,DynamicBind,minimum_distance_to_inorganic_cofactors,1.0
5mo4,dynamicbind,DynamicBind,minimum_distance_to_waters,1.0
5mo4,dynamicbind,DynamicBind,volume_overlap_with_protein,0.7272727272727273
5mo4,dynamicbind,DynamicBind,volume_overlap_with_organic_cofactors,1.0
5mo4,dynamicbind,DynamicBind,volume_overlap_with_inorganic_cofactors,1.0
5mo4,dynamicbind,DynamicBind,volume_overlap_with_waters,1.0
5mo4,gnina,GNINA 1.3,mol_pred_loaded,1.0
5mo4,gnina,GNINA 1.3,mol_cond_loaded,1.0
5mo4,gnina,GNINA 1.3,sanitization,0.9985569985569985
5mo4,gnina,GNINA 1.3,inchi_convertible,0.873015873015873
5mo4,gnina,GNINA 1.3,all_atoms_connected,1.0
5mo4,gnina,GNINA 1.3,bond_lengths,1.0
5mo4,gnina,GNINA 1.3,bond_angles,1.0
5mo4,gnina,GNINA 1.3,internal_steric_clash,0.9956647398843931
5mo4,gnina,GNINA 1.3,aromatic_ring_flatness,1.0
5mo4,gnina,GNINA 1.3,non-aromatic_ring_non-flatness,1.0
5mo4,gnina,GNINA 1.3,double_bond_flatness,1.0
5mo4,gnina,GNINA 1.3,protein-ligand_maximum_distance,1.0
5mo4,gnina,GNINA 1.3,minimum_distance_to_protein,0.0
5mo4,gnina,GNINA 1.3,minimum_distance_to_organic_cofactors,0.0
5mo4,gnina,GNINA 1.3,minimum_distance_to_inorganic_cofactors,0.0
5mo4,gnina,GNINA 1.3,minimum_distance_to_waters,0.0
5mo4,gnina,GNINA 1.3,volume_overlap_with_protein,0.0
5mo4,gnina,GNINA 1.3,volume_overlap_with_organic_cofactors,0.0
5mo4,gnina,GNINA 1.3,volume_overlap_with_inorganic_cofactors,0.001443001443001443
5mo4,gnina,GNINA 1.3,volume_overlap_with_waters,0.0
5mo4,qvina,QVina2,mol_pred_loaded,1.0
5mo4,qvina,QVina2,mol_cond_loaded,1.0
5mo4,qvina,QVina2,sanitization,0.9985569985569985
5mo4,qvina,QVina2,inchi_convertible,0.8715728715728716
5mo4,qvina,QVina2,all_atoms_connected,1.0
5mo4,qvina,QVina2,bond_lengths,1.0
5mo4,qvina,QVina2,bond_angles,1.0
5mo4,qvina,QVina2,internal_steric_clash,1.0
5mo4,qvina,QVina2,aromatic_ring_flatness,1.0
5mo4,qvina,QVina2,non-aromatic_ring_non-flatness,1.0
5mo4,qvina,QVina2,double_bond_flatness,1.0
5mo4,qvina,QVina2,protein-ligand_maximum_distance,1.0
5mo4,qvina,QVina2,minimum_distance_to_protein,0.0
5mo4,qvina,QVina2,minimum_distance_to_organic_cofactors,0.0
5mo4,qvina,QVina2,minimum_distance_to_inorganic_cofactors,0.0
5mo4,qvina,QVina2,minimum_distance_to_waters,0.0
5mo4,qvina,QVina2,volume_overlap_with_protein,0.0
5mo4,qvina,QVina2,volume_overlap_with_organic_cofactors,0.0
5mo4,qvina,QVina2,volume_overlap_with_inorganic_cofactors,0.0
5mo4,qvina,QVina2,volume_overlap_with_waters,0.0
6gqj,boltz2,Boltz-2,mol_pred_loaded,1.0
6gqj,boltz2,Boltz-2,mol_cond_loaded,1.0
6gqj,boltz2,Boltz-2,sanitization,0.946113074204947
6gqj,boltz2,Boltz-2,inchi_convertible,0.946113074204947
6gqj,boltz2,Boltz-2,all_atoms_connected,1.0
6gqj,boltz2,Boltz-2,bond_lengths,1.0
6gqj,boltz2,Boltz-2,bond_angles,0.9990662931839402
6gqj,boltz2,Boltz-2,internal_steric_clash,0.9981325863678805
6gqj,boltz2,Boltz-2,aromatic_ring_flatness,1.0
6gqj,boltz2,Boltz-2,non-aromatic_ring_non-flatness,0.972922502334267
6gqj,boltz2,Boltz-2,double_bond_flatness,1.0
6gqj,boltz2,Boltz-2,protein-ligand_maximum_distance,1.0
6gqj,boltz2,Boltz-2,minimum_distance_to_protein,0.8719081272084805
6gqj,boltz2,Boltz-2,minimum_distance_to_organic_cofactors,1.0
6gqj,boltz2,Boltz-2,minimum_distance_to_inorganic_cofactors,1.0
6gqj,boltz2,Boltz-2,minimum_distance_to_waters,1.0
6gqj,boltz2,Boltz-2,volume_overlap_with_protein,1.0
6gqj,boltz2,Boltz-2,volume_overlap_with_organic_cofactors,1.0
6gqj,boltz2,Boltz-2,volume_overlap_with_inorganic_cofactors,1.0
6gqj,boltz2,Boltz-2,volume_overlap_with_waters,1.0
6gqj,dynamicbind,DynamicBind,mol_pred_loaded,1.0
6gqj,dynamicbind,DynamicBind,mol_cond_loaded,1.0
6gqj,dynamicbind,DynamicBind,sanitization,1.0
6gqj,dynamicbind,DynamicBind,inchi_convertible,1.0
6gqj,dynamicbind,DynamicBind,all_atoms_connected,0.9990680335507922
6gqj,dynamicbind,DynamicBind,bond_lengths,1.0
6gqj,dynamicbind,DynamicBind,bond_angles,1.0
6gqj,dynamicbind,DynamicBind,internal_steric_clash,0.9720410065237651
6gqj,dynamicbind,DynamicBind,aromatic_ring_flatness,1.0
6gqj,dynamicbind,DynamicBind,non-aromatic_ring_non-flatness,1.0
6gqj,dynamicbind,DynamicBind,double_bond_flatness,1.0
6gqj,dynamicbind,DynamicBind,protein-ligand_maximum_distance,0.2702702702702703
6gqj,dynamicbind,DynamicBind,minimum_distance_to_protein,0.8518173345759553
6gqj,dynamicbind,DynamicBind,minimum_distance_to_organic_cofactors,1.0
6gqj,dynamicbind,DynamicBind,minimum_distance_to_inorganic_cofactors,1.0
6gqj,dynamicbind,DynamicBind,minimum_distance_to_waters,1.0
6gqj,dynamicbind,DynamicBind,volume_overlap_with_protein,0.983224603914259
6gqj,dynamicbind,DynamicBind,volume_overlap_with_organic_cofactors,1.0
6gqj,dynamicbind,DynamicBind,volume_overlap_with_inorganic_cofactors,1.0
6gqj,dynamicbind,DynamicBind,volume_overlap_with_waters,1.0
6gqj,gnina,GNINA 1.3,mol_pred_loaded,1.0
6gqj,gnina,GNINA 1.3,mol_cond_loaded,1.0
6gqj,gnina,GNINA 1.3,sanitization,0.9984532095901005
6gqj,gnina,GNINA 1.3,inchi_convertible,0.699922660479505
6gqj,gnina,GNINA 1.3,all_atoms_connected,1.0
6gqj,gnina,GNINA 1.3,bond_lengths,1.0
6gqj,gnina,GNINA 1.3,bond_angles,1.0
6gqj,gnina,GNINA 1.3,internal_steric_clash,0.9938032532920217
6gqj,gnina,GNINA 1.3,aromatic_ring_flatness,1.0
6gqj,gnina,GNINA 1.3,non-aromatic_ring_non-flatness,1.0
6gqj,gnina,GNINA 1.3,double_bond_flatness,1.0
6gqj,gnina,GNINA 1.3,protein-ligand_maximum_distance,1.0
6gqj,gnina,GNINA 1.3,minimum_distance_to_protein,0.0
6gqj,gnina,GNINA 1.3,minimum_distance_to_organic_cofactors,0.002320185614849188
6gqj,gnina,GNINA 1.3,minimum_distance_to_inorganic_cofactors,0.002320185614849188
6gqj,gnina,GNINA 1.3,minimum_distance_to_waters,0.002320185614849188
6gqj,gnina,GNINA 1.3,volume_overlap_with_protein,0.0
6gqj,gnina,GNINA 1.3,volume_overlap_with_organic_cofactors,0.002320185614849188
6gqj,gnina,GNINA 1.3,volume_overlap_with_inorganic_cofactors,0.0030935808197989174
6gqj,gnina,GNINA 1.3,volume_overlap_with_waters,0.002320185614849188
6gqj,qvina,QVina2,mol_pred_loaded,1.0
6gqj,qvina,QVina2,mol_cond_loaded,1.0
6gqj,qvina,QVina2,sanitization,0.9976798143851509
6gqj,qvina,QVina2,inchi_convertible,0.7625676720804331
6gqj,qvina,QVina2,all_atoms_connected,1.0
6gqj,qvina,QVina2,bond_lengths,1.0
6gqj,qvina,QVina2,bond_angles,1.0
6gqj,qvina,QVina2,internal_steric_clash,1.0
6gqj,qvina,QVina2,aromatic_ring_flatness,1.0
6gqj,qvina,QVina2,non-aromatic_ring_non-flatness,0.9992248062015504
6gqj,qvina,QVina2,double_bond_flatness,1.0
6gqj,qvina,QVina2,protein-ligand_maximum_distance,1.0
6gqj,qvina,QVina2,minimum_distance_to_protein,0.0
6gqj,qvina,QVina2,minimum_distance_to_organic_cofactors,0.0
6gqj,qvina,QVina2,minimum_distance_to_inorganic_cofactors,0.0
6gqj,qvina,QVina2,minimum_distance_to_waters,0.0
6gqj,qvina,QVina2,volume_overlap_with_protein,0.0
6gqj,qvina,QVina2,volume_overlap_with_organic_cofactors,0.0
6gqj,qvina,QVina2,volume_overlap_with_inorganic_cofactors,0.0
6gqj,qvina,QVina2,volume_overlap_with_waters,0.0
6jok,boltz2,Boltz-2,mol_pred_loaded,1.0
6jok,boltz2,Boltz-2,mol_cond_loaded,1.0
6jok,boltz2,Boltz-2,sanitization,0.9345454545454546
6jok,boltz2,Boltz-2,inchi_convertible,0.9345454545454546
6jok,boltz2,Boltz-2,all_atoms_connected,1.0
6jok,boltz2,Boltz-2,bond_lengths,1.0
6jok,boltz2,Boltz-2,bond_angles,1.0
6jok,boltz2,Boltz-2,internal_steric_clash,1.0
6jok,boltz2,Boltz-2,aromatic_ring_flatness,1.0
6jok,boltz2,Boltz-2,non-aromatic_ring_non-flatness,0.9941634241245136
6jok,boltz2,Boltz-2,double_bond_flatness,0.9961089494163424
6jok,boltz2,Boltz-2,protein-ligand_maximum_distance,1.0
6jok,boltz2,Boltz-2,minimum_distance_to_protein,0.9163636363636364
6jok,boltz2,Boltz-2,minimum_distance_to_organic_cofactors,1.0
6jok,boltz2,Boltz-2,minimum_distance_to_inorganic_cofactors,1.0
6jok,boltz2,Boltz-2,minimum_distance_to_waters,1.0
6jok,boltz2,Boltz-2,volume_overlap_with_protein,1.0
6jok,boltz2,Boltz-2,volume_overlap_with_organic_cofactors,1.0
6jok,boltz2,Boltz-2,volume_overlap_with_inorganic_cofactors,1.0
6jok,boltz2,Boltz-2,volume_overlap_with_waters,1.0
6jok,dynamicbind,DynamicBind,mol_pred_loaded,1.0
6jok,dynamicbind,DynamicBind,mol_cond_loaded,1.0
6jok,dynamicbind,DynamicBind,sanitization,1.0
6jok,dynamicbind,DynamicBind,inchi_convertible,1.0
6jok,dynamicbind,DynamicBind,all_atoms_connected,0.996
6jok,dynamicbind,DynamicBind,bond_lengths,1.0
6jok,dynamicbind,DynamicBind,bond_angles,1.0
6jok,dynamicbind,DynamicBind,internal_steric_clash,0.988
6jok,dynamicbind,DynamicBind,aromatic_ring_flatness,1.0
6jok,dynamicbind,DynamicBind,non-aromatic_ring_non-flatness,1.0
6jok,dynamicbind,DynamicBind,double_bond_flatness,1.0
6jok,dynamicbind,DynamicBind,protein-ligand_maximum_distance,1.0
6jok,dynamicbind,DynamicBind,minimum_distance_to_protein,0.364
6jok,dynamicbind,DynamicBind,minimum_distance_to_organic_cofactors,1.0
6jok,dynamicbind,DynamicBind,minimum_distance_to_inorganic_cofactors,1.0
6jok,dynamicbind,DynamicBind,minimum_distance_to_waters,1.0
6jok,dynamicbind,DynamicBind,volume_overlap_with_protein,0.756
6jok,dynamicbind,DynamicBind,volume_overlap_with_organic_cofactors,1.0
6jok,dynamicbind,DynamicBind,volume_overlap_with_inorganic_cofactors,1.0
6jok,dynamicbind,DynamicBind,volume_overlap_with_waters,1.0
6jok,gnina,GNINA 1.3,mol_pred_loaded,1.0
6jok,gnina,GNINA 1.3,mol_cond_loaded,1.0
6jok,gnina,GNINA 1.3,sanitization,0.736
6jok,gnina,GNINA 1.3,inchi_convertible,0.452
6jok,gnina,GNINA 1.3,all_atoms_connected,1.0
6jok,gnina,GNINA 1.3,bond_lengths,1.0
6jok,gnina,GNINA 1.3,bond_angles,1.0
6jok,gnina,GNINA 1.3,internal_steric_clash,0.9891304347826086
6jok,gnina,GNINA 1.3,aromatic_ring_flatness,1.0
6jok,gnina,GNINA 1.3,non-aromatic_ring_non-flatness,1.0
6jok,gnina,GNINA 1.3,double_bond_flatness,0.9945652173913043
6jok,gnina,GNINA 1.3,protein-ligand_maximum_distance,1.0
6jok,gnina,GNINA 1.3,minimum_distance_to_protein,0.116
6jok,gnina,GNINA 1.3,minimum_distance_to_organic_cofactors,0.116
6jok,gnina,GNINA 1.3,minimum_distance_to_inorganic_cofactors,0.128
6jok,gnina,GNINA 1.3,minimum_distance_to_waters,0.108
6jok,gnina,GNINA 1.3,volume_overlap_with_protein,0.132
6jok,gnina,GNINA 1.3,volume_overlap_with_organic_cofactors,0.132
6jok,gnina,GNINA 1.3,volume_overlap_with_inorganic_cofactors,0.164
6jok,gnina,GNINA 1.3,volume_overlap_with_waters,0.164
6jok,qvina,QVina2,mol_pred_loaded,1.0
6jok,qvina,QVina2,mol_cond_loaded,1.0
6jok,qvina,QVina2,sanitization,0.7396694214876033
6jok,qvina,QVina2,inchi_convertible,0.4462809917355372
6jok,qvina,QVina2,all_atoms_connected,1.0
6jok,qvina,QVina2,bond_lengths,1.0
6jok,qvina,QVina2,bond_angles,1.0
6jok,qvina,QVina2,internal_steric_clash,1.0
6jok,qvina,QVina2,aromatic_ring_flatness,1.0
6jok,qvina,QVina2,non-aromatic_ring_non-flatness,1.0
6jok,qvina,QVina2,double_bond_flatness,0.994413407821229
6jok,qvina,QVina2,protein-ligand_maximum_distance,1.0
6jok,qvina,QVina2,minimum_distance_to_protein,0.0371900826446281
6jok,qvina,QVina2,minimum_distance_to_organic_cofactors,0.0371900826446281
6jok,qvina,QVina2,minimum_distance_to_inorganic_cofactors,0.045454545454545456
6jok,qvina,QVina2,minimum_distance_to_waters,0.01652892561983471
6jok,qvina,QVina2,volume_overlap_with_protein,0.04132231404958678
6jok,qvina,QVina2,volume_overlap_with_organic_cofactors,0.04132231404958678
6jok,qvina,QVina2,volume_overlap_with_inorganic_cofactors,0.049586776859504134
6jok,qvina,QVina2,volume_overlap_with_waters,0.049586776859504134
7awe,boltz2,Boltz-2,mol_pred_loaded,1.0
7awe,boltz2,Boltz-2,mol_cond_loaded,1.0
7awe,boltz2,Boltz-2,sanitization,1.0
7awe,boltz2,Boltz-2,inchi_convertible,1.0
7awe,boltz2,Boltz-2,all_atoms_connected,1.0
7awe,boltz2,Boltz-2,bond_lengths,1.0
7awe,boltz2,Boltz-2,bond_angles,1.0
7awe,boltz2,Boltz-2,internal_steric_clash,0.9879518072289156
7awe,boltz2,Boltz-2,aromatic_ring_flatness,1.0
7awe,boltz2,Boltz-2,non-aromatic_ring_non-flatness,1.0
7awe,boltz2,Boltz-2,double_bond_flatness,1.0
7awe,boltz2,Boltz-2,protein-ligand_maximum_distance,1.0
7awe,boltz2,Boltz-2,minimum_distance_to_protein,0.3132530120481928
7awe,boltz2,Boltz-2,minimum_distance_to_organic_cofactors,1.0
7awe,boltz2,Boltz-2,minimum_distance_to_inorganic_cofactors,1.0
7awe,boltz2,Boltz-2,minimum_distance_to_waters,1.0
7awe,boltz2,Boltz-2,volume_overlap_with_protein,1.0
7awe,boltz2,Boltz-2,volume_overlap_with_organic_cofactors,1.0
7awe,boltz2,Boltz-2,volume_overlap_with_inorganic_cofactors,1.0
7awe,boltz2,Boltz-2,volume_overlap_with_waters,1.0
7awe,dynamicbind,DynamicBind,mol_pred_loaded,1.0
7awe,dynamicbind,DynamicBind,mol_cond_loaded,1.0
7awe,dynamicbind,DynamicBind,sanitization,1.0
7awe,dynamicbind,DynamicBind,inchi_convertible,1.0
7awe,dynamicbind,DynamicBind,all_atoms_connected,1.0
7awe,dynamicbind,DynamicBind,bond_lengths,1.0
7awe,dynamicbind,DynamicBind,bond_angles,1.0
7awe,dynamicbind,DynamicBind,internal_steric_clash,0.9545454545454546
7awe,dynamicbind,DynamicBind,aromatic_ring_flatness,1.0
7awe,dynamicbind,DynamicBind,non-aromatic_ring_non-flatness,1.0
7awe,dynamicbind,DynamicBind,double_bond_flatness,1.0
7awe,dynamicbind,DynamicBind,protein-ligand_maximum_distance,1.0
7awe,dynamicbind,DynamicBind,minimum_distance_to_protein,0.0
7awe,dynamicbind,DynamicBind,minimum_distance_to_organic_cofactors,1.0
7awe,dynamicbind,DynamicBind,minimum_distance_to_inorganic_cofactors,1.0
7awe,dynamicbind,DynamicBind,minimum_distance_to_waters,1.0
7awe,dynamicbind,DynamicBind,volume_overlap_with_protein,0.32954545454545453
7awe,dynamicbind,DynamicBind,volume_overlap_with_organic_cofactors,1.0
7awe,dynamicbind,DynamicBind,volume_overlap_with_inorganic_cofactors,1.0
7awe,dynamicbind,DynamicBind,volume_overlap_with_waters,1.0
7awe,gnina,GNINA 1.3,mol_pred_loaded,1.0
7awe,gnina,GNINA 1.3,mol_cond_loaded,1.0
7awe,gnina,GNINA 1.3,sanitization,1.0
7awe,gnina,GNINA 1.3,inchi_convertible,0.5769230769230769
7awe,gnina,GNINA 1.3,all_atoms_connected,1.0
7awe,gnina,GNINA 1.3,bond_lengths,1.0
7awe,gnina,GNINA 1.3,bond_angles,1.0
7awe,gnina,GNINA 1.3,internal_steric_clash,0.9871794871794872
7awe,gnina,GNINA 1.3,aromatic_ring_flatness,1.0
7awe,gnina,GNINA 1.3,non-aromatic_ring_non-flatness,1.0
7awe,gnina,GNINA 1.3,double_bond_flatness,1.0
7awe,gnina,GNINA 1.3,protein-ligand_maximum_distance,1.0
7awe,gnina,GNINA 1.3,minimum_distance_to_protein,0.0
7awe,gnina,GNINA 1.3,minimum_distance_to_organic_cofactors,0.19230769230769232
7awe,gnina,GNINA 1.3,minimum_distance_to_inorganic_cofactors,0.5
7awe,gnina,GNINA 1.3,minimum_distance_to_waters,0.05128205128205128
7awe,gnina,GNINA 1.3,volume_overlap_with_protein,0.0
7awe,gnina,GNINA 1.3,volume_overlap_with_organic_cofactors,0.4358974358974359
7awe,gnina,GNINA 1.3,volume_overlap_with_inorganic_cofactors,0.6025641025641025
7awe,gnina,GNINA 1.3,volume_overlap_with_waters,0.5128205128205128
7awe,qvina,QVina2,mol_pred_loaded,1.0
7awe,qvina,QVina2,mol_cond_loaded,1.0
7awe,qvina,QVina2,sanitization,1.0
7awe,qvina,QVina2,inchi_convertible,0.75
7awe,qvina,QVina2,all_atoms_connected,1.0
7awe,qvina,QVina2,bond_lengths,1.0
7awe,qvina,QVina2,bond_angles,1.0
7awe,qvina,QVina2,internal_steric_clash,0.8636363636363636
7awe,qvina,QVina2,aromatic_ring_flatness,1.0
7awe,qvina,QVina2,non-aromatic_ring_non-flatness,1.0
7awe,qvina,QVina2,double_bond_flatness,1.0
7awe,qvina,QVina2,protein-ligand_maximum_distance,1.0
7awe,qvina,QVina2,minimum_distance_to_protein,0.0
7awe,qvina,QVina2,minimum_distance_to_organic_cofactors,0.36363636363636365
7awe,qvina,QVina2,minimum_distance_to_inorganic_cofactors,0.5454545454545454
7awe,qvina,QVina2,minimum_distance_to_waters,0.06818181818181818
7awe,qvina,QVina2,volume_overlap_with_protein,0.0
7awe,qvina,QVina2,volume_overlap_with_organic_cofactors,0.4772727272727273
7awe,qvina,QVina2,volume_overlap_with_inorganic_cofactors,0.7045454545454546
7awe,qvina,QVina2,volume_overlap_with_waters,0.6590909090909091
7kk3,boltz2,Boltz-2,mol_pred_loaded,1.0
7kk3,boltz2,Boltz-2,mol_cond_loaded,1.0
7kk3,boltz2,Boltz-2,sanitization,1.0
7kk3,boltz2,Boltz-2,inchi_convertible,1.0
7kk3,boltz2,Boltz-2,all_atoms_connected,1.0
7kk3,boltz2,Boltz-2,bond_lengths,0.9990825688073395
7kk3,boltz2,Boltz-2,bond_angles,1.0
7kk3,boltz2,Boltz-2,internal_steric_clash,1.0
7kk3,boltz2,Boltz-2,aromatic_ring_flatness,1.0
7kk3,boltz2,Boltz-2,non-aromatic_ring_non-flatness,0.9944954128440368
7kk3,boltz2,Boltz-2,double_bond_flatness,1.0
7kk3,boltz2,Boltz-2,protein-ligand_maximum_distance,1.0
7kk3,boltz2,Boltz-2,minimum_distance_to_protein,0.8972477064220183
7kk3,boltz2,Boltz-2,minimum_distance_to_organic_cofactors,1.0
7kk3,boltz2,Boltz-2,minimum_distance_to_inorganic_cofactors,1.0
7kk3,boltz2,Boltz-2,minimum_distance_to_waters,1.0
7kk3,boltz2,Boltz-2,volume_overlap_with_protein,1.0
7kk3,boltz2,Boltz-2,volume_overlap_with_organic_cofactors,1.0
7kk3,boltz2,Boltz-2,volume_overlap_with_inorganic_cofactors,1.0
7kk3,boltz2,Boltz-2,volume_overlap_with_waters,1.0
7kk3,dynamicbind,DynamicBind,mol_pred_loaded,1.0
7kk3,dynamicbind,DynamicBind,mol_cond_loaded,1.0
7kk3,dynamicbind,DynamicBind,sanitization,1.0
7kk3,dynamicbind,DynamicBind,inchi_convertible,1.0
7kk3,dynamicbind,DynamicBind,all_atoms_connected,0.9990680335507922
7kk3,dynamicbind,DynamicBind,bond_lengths,1.0
7kk3,dynamicbind,DynamicBind,bond_angles,1.0
7kk3,dynamicbind,DynamicBind,internal_steric_clash,0.9794967381174278
7kk3,dynamicbind,DynamicBind,aromatic_ring_flatness,1.0
7kk3,dynamicbind,DynamicBind,non-aromatic_ring_non-flatness,1.0
7kk3,dynamicbind,DynamicBind,double_bond_flatness,1.0
7kk3,dynamicbind,DynamicBind,protein-ligand_maximum_distance,0.744641192917055
7kk3,dynamicbind,DynamicBind,minimum_distance_to_protein,0.6113699906803355
7kk3,dynamicbind,DynamicBind,minimum_distance_to_organic_cofactors,1.0
7kk3,dynamicbind,DynamicBind,minimum_distance_to_inorganic_cofactors,1.0
7kk3,dynamicbind,DynamicBind,minimum_distance_to_waters,1.0
7kk3,dynamicbind,DynamicBind,volume_overlap_with_protein,0.9319664492078286
7kk3,dynamicbind,DynamicBind,volume_overlap_with_organic_cofactors,1.0
7kk3,dynamicbind,DynamicBind,volume_overlap_with_inorganic_cofactors,1.0
7kk3,dynamicbind,DynamicBind,volume_overlap_with_waters,1.0
7kk3,gnina,GNINA 1.3,mol_pred_loaded,1.0
7kk3,gnina,GNINA 1.3,mol_cond_loaded,1.0
7kk3,gnina,GNINA 1.3,sanitization,1.0
7kk3,gnina,GNINA 1.3,inchi_convertible,0.8070444104134763
7kk3,gnina,GNINA 1.3,all_atoms_connected,1.0
7kk3,gnina,GNINA 1.3,bond_lengths,0.998468606431853
7kk3,gnina,GNINA 1.3,bond_angles,1.0
7kk3,gnina,GNINA 1.3,internal_steric_clash,0.998468606431853
7kk3,gnina,GNINA 1.3,aromatic_ring_flatness,1.0
7kk3,gnina,GNINA 1.3,non-aromatic_ring_non-flatness,1.0
7kk3,gnina,GNINA 1.3,double_bond_flatness,1.0
7kk3,gnina,GNINA 1.3,protein-ligand_maximum_distance,1.0
7kk3,gnina,GNINA 1.3,minimum_distance_to_protein,0.0
7kk3,gnina,GNINA 1.3,minimum_distance_to_organic_cofactors,0.4211332312404288
7kk3,gnina,GNINA 1.3,minimum_distance_to_inorganic_cofactors,0.655436447166922
7kk3,gnina,GNINA 1.3,minimum_distance_to_waters,0.11485451761102604
7kk3,gnina,GNINA 1.3,volume_overlap_with_protein,0.0
7kk3,gnina,GNINA 1.3,volume_overlap_with_organic_cofactors,0.6462480857580398
7kk3,gnina,GNINA 1.3,volume_overlap_with_inorganic_cofactors,0.7687595712098009
7kk3,gnina,GNINA 1.3,volume_overlap_with_waters,0.6401225114854517
7kk3,qvina,QVina2,mol_pred_loaded,1.0
7kk3,qvina,QVina2,mol_cond_loaded,1.0
7kk3,qvina,QVina2,sanitization,1.0
7kk3,qvina,QVina2,inchi_convertible,0.8163693599160545
7kk3,qvina,QVina2,all_atoms_connected,1.0
7kk3,qvina,QVina2,bond_lengths,1.0
7kk3,qvina,QVina2,bond_angles,1.0
7kk3,qvina,QVina2,internal_steric_clash,0.9989506820566632
7kk3,qvina,QVina2,aromatic_ring_flatness,1.0
7kk3,qvina,QVina2,non-aromatic_ring_non-flatness,1.0
7kk3,qvina,QVina2,double_bond_flatness,1.0
7kk3,qvina,QVina2,protein-ligand_maximum_distance,1.0
7kk3,qvina,QVina2,minimum_distance_to_protein,0.0
7kk3,qvina,QVina2,minimum_distance_to_organic_cofactors,0.8048268625393494
7kk3,qvina,QVina2,minimum_distance_to_inorganic_cofactors,0.85099685204617
7kk3,qvina,QVina2,minimum_distance_to_waters,0.1416579223504722
7kk3,qvina,QVina2,volume_overlap_with_protein,0.0
7kk3,qvina,QVina2,volume_overlap_with_organic_cofactors,0.8646379853095488
7kk3,qvina,QVina2,volume_overlap_with_inorganic_cofactors,0.8740818467995802
7kk3,qvina,QVina2,volume_overlap_with_waters,0.8625393494228751
