file,molecule,position,mol_pred_loaded,mol_cond_loaded,sanitization,inchi_convertible,all_atoms_connected,bond_lengths,bond_angles,internal_steric_clash,aromatic_ring_flatness,non-aromatic_ring_non-flatness,double_bond_flatness,protein-ligand_maximum_distance,minimum_distance_to_protein,minimum_distance_to_organic_cofactors,minimum_distance_to_inorganic_cofactors,minimum_distance_to_waters,volume_overlap_with_protein,volume_overlap_with_organic_cofactors,volume_overlap_with_inorganic_cofactors,volume_overlap_with_waters
data/results_bindingdb/posebusters/sdf/2z5x/dynamicbind_new/ligand_10.sdf,,0,True,True,True,True,True,True,True,True,True,True,True,True,False,True,True,True,False,True,True,True
data/results_bindingdb/posebusters/sdf/2z5x/dynamicbind_new/ligand_100.sdf,,0,True,True,True,True,True,True,True,True,True,True,True,True,False,True,True,True,True,True,True,True
data/results_bindingdb/posebusters/sdf/2z5x/dynamicbind_new/ligand_104.sdf,,0,True,True,True,True,True,True,True,True,True,True,True,True,False,True,True,True,True,True,True,True
data/results_bindingdb/posebusters/sdf/2z5x/dynamicbind_new/ligand_0.sdf,,0,True,True,True,True,True,True,True,True,True,True,True,True,False,True,True,True,True,True,True,True
data/results_bindingdb/posebusters/sdf/2z5x/dynamicbind_new/ligand_108.sdf,,0,True,True,True,True,True,True,True,True,True,True,True,True,False,True,True,True,False,True,True,True
data/results_bindingdb/posebusters/sdf/2z5x/dynamicbind_new/ligand_102.sdf,,0,True,True,True,True,True,True,True,True,True,True,True,True,False,True,True,True,True,True,True,True
data/results_bindingdb/posebusters/sdf/2z5x/dynamicbind_new/ligand_105.sdf,,0,True,True,True,True,True,True,True,True,True,True,True,True,False,True,True,True,True,True,True,True
data/results_bindingdb/posebusters/sdf/2z5x/dynamicbind_new/ligand_106.sdf,,0,True,True,True,True,True,True,True,True,True,True,True,True,False,True,True,True,True,True,True,True
data/results_bindingdb/posebusters/sdf/2z5x/dynamicbind_new/ligand_110.sdf,,0,True,True,True,True,True,True,True,True,True,True,True,True,False,True,True,True,False,True,True,True
data/results_bindingdb/posebusters/sdf/2z5x/dynamicbind_new/ligand_109.sdf,,0,True,True,True,True,True,True,True,True,True,True,True,True,False,True,True,True,True,True,True,True
data/results_bindingdb/posebusters/sdf/2z5x/dynamicbind_new/ligand_113.sdf,,0,True,True,True,True,True,True,True,True,True,True,True,True,False,True,True,True,False,True,True,True
data/results_bindingdb/posebusters/sdf/2z5x/dynamicbind_new/ligand_111.sdf,,0,True,True,True,True,True,True,True,True,True,True,True,True,False,True,True,True,True,True,True,True
data/results_bindingdb/posebusters/sdf/2z5x/dynamicbind_new/ligand_101.sdf,,0,True,True,True,True,True,True,True,True,True,True,True,True,False,True,True,True,False,True,True,True
data/results_bindingdb/posebusters/sdf/2z5x/dynamicbind_new/ligand_112.sdf,,0,True,True,True,True,True,True,True,True,True,True,True,True,False,True,True,True,True,True,True,True
data/results_bindingdb/posebusters/sdf/2z5x/dynamicbind_new/ligand_103.sdf,,0,True,True,True,True,True,True,True,True,True,True,True,True,False,True,True,True,False,True,True,True
data/results_bindingdb/posebusters/sdf/2z5x/dynamicbind_new/ligand_107.sdf,,0,True,True,True,True,True,True,True,True,True,True,True,True,True,True,True,True,True,True,True,True
data/results_bindingdb/posebusters/sdf/2z5x/dynamicbind_new/ligand_117.sdf,,0,True,True,True,True,False,True,True,False,True,True,True,True,True,True,True,True,True,True,True,True
data/results_bindingdb/posebusters/sdf/2z5x/dynamicbind_new/ligand_115.sdf,,0,True,True,True,True,True,True,True,True,True,True,True,True,True,True,True,True,True,True,True,True
data/results_bindingdb/posebusters/sdf/2z5x/dynamicbind_new/ligand_118.sdf,,0,True,True,True,True,False,True,True,False,True,True,True,True,False,True,True,True,False,True,True,True
data/results_bindingdb/posebusters/sdf/2z5x/dynamicbind_new/ligand_114.sdf,,0,True,True,True,True,True,True,True,True,True,True,True,True,False,True,True,True,True,True,True,True
data/results_bindingdb/posebusters/sdf/2z5x/dynamicbind_new/ligand_121.sdf,,0,True,True,True,True,True,True,True,True,True,True,True,True,False,True,True,True,True,True,True,True
data/results_bindingdb/posebusters/sdf/2z5x/dynamicbind_new/ligand_119.sdf,,0,True,True,True,True,False,True,True,False,True,True,True,True,False,True,True,True,False,True,True,True
data/results_bindingdb/posebusters/sdf/2z5x/dynamicbind_new/ligand_116.sdf,,0,True,True,True,True,True,True,True,True,True,True,True,True,False,True,True,True,False,True,True,True
data/results_bindingdb/posebusters/sdf/2z5x/dynamicbind_new/ligand_122.sdf,,0,True,True,True,True,True,True,True,True,True,True,True,True,True,True,True,True,True,True,True,True
data/results_bindingdb/posebusters/sdf/2z5x/dynamicbind_new/ligand_11.sdf,,0,True,True,True,True,True,True,True,True,True,True,True,True,False,True,True,True,True,True,True,True
data/results_bindingdb/posebusters/sdf/2z5x/dynamicbind_new/ligand_123.sdf,,0,True,True,True,True,True,True,True,True,True,True,True,True,False,True,True,True,True,True,True,True
data/results_bindingdb/posebusters/sdf/2z5x/dynamicbind_new/ligand_120.sdf,,0,True,True,True,True,True,True,True,True,True,True,True,True,False,True,True,True,False,True,True,True
data/results_bindingdb/posebusters/sdf/2z5x/dynamicbind_new/ligand_126.sdf,,0,True,True,True,True,True,True,True,True,True,True,True,True,False,True,True,True,False,True,True,True
data/results_bindingdb/posebusters/sdf/2z5x/dynamicbind_new/ligand_124.sdf,,0,True,True,True,True,True,True,True,True,True,True,True,True,False,True,True,True,False,True,True,True
data/results_bindingdb/posebusters/sdf/2z5x/dynamicbind_new/ligand_127.sdf,,0,True,True,True,True,True,True,True,True,True,True,True,True,False,True,True,True,False,True,True,True
data/results_bindingdb/posebusters/sdf/2z5x/dynamicbind_new/ligand_125.sdf,,0,True,True,True,True,True,True,True,True,True,True,True,True,False,True,True,True,True,True,True,True
data/results_bindingdb/posebusters/sdf/2z5x/dynamicbind_new/ligand_12.sdf,,0,True,True,True,True,True,True,True,True,True,True,True,True,False,True,True,True,False,True,True,True
data/results_bindingdb/posebusters/sdf/2z5x/dynamicbind_new/ligand_130.sdf,,0,True,True,True,True,True,True,True,True,True,True,True,True,False,True,True,True,False,True,True,True
data/results_bindingdb/posebusters/sdf/2z5x/dynamicbind_new/ligand_134.sdf,,0,True,True,True,True,True,True,True,True,True,True,True,True,True,True,True,True,True,True,True,True
data/results_bindingdb/posebusters/sdf/2z5x/dynamicbind_new/ligand_131.sdf,,0,True,True,True,True,True,True,True,True,True,True,True,True,False,True,True,True,True,True,True,True
data/results_bindingdb/posebusters/sdf/2z5x/dynamicbind_new/ligand_128.sdf,,0,True,True,True,True,True,True,True,True,True,True,True,True,False,True,True,True,False,True,True,True
data/results_bindingdb/posebusters/sdf/2z5x/dynamicbind_new/ligand_129.sdf,,0,True,True,True,True,True,True,True,True,True,True,True,True,False,True,True,True,True,True,True,True
data/results_bindingdb/posebusters/sdf/2z5x/dynamicbind_new/ligand_136.sdf,,0,True,True,True,True,True,True,True,True,True,True,True,True,False,True,True,True,True,True,True,True
data/results_bindingdb/posebusters/sdf/2z5x/dynamicbind_new/ligand_138.sdf,,0,True,True,True,True,True,True,True,True,True,True,True,True,False,True,True,True,True,True,True,True
data/results_bindingdb/posebusters/sdf/2z5x/dynamicbind_new/ligand_133.sdf,,0,True,True,True,True,True,True,True,True,True,True,True,True,False,True,True,True,False,True,True,True
data/results_bindingdb/posebusters/sdf/2z5x/dynamicbind_new/ligand_132.sdf,,0,True,True,True,True,True,True,True,True,True,True,True,True,False,True,True,True,False,True,True,True
data/results_bindingdb/posebusters/sdf/2z5x/dynamicbind_new/ligand_135.sdf,,0,True,True,True,True,True,True,True,True,True,True,True,True,True,True,True,True,True,True,True,True
data/results_bindingdb/posebusters/sdf/2z5x/dynamicbind_new/ligand_139.sdf,,0,True,True,True,True,True,True,True,True,True,True,True,True,False,True,True,True,True,True,True,True
data/results_bindingdb/posebusters/sdf/2z5x/dynamicbind_new/ligand_140.sdf,,0,True,True,True,True,True,True,True,True,True,True,True,True,False,True,True,True,False,True,True,True
data/results_bindingdb/posebusters/sdf/2z5x/dynamicbind_new/ligand_137.sdf,,0,True,True,True,True,True,True,True,True,True,True,True,True,False,True,True,True,True,True,True,True
data/results_bindingdb/posebusters/sdf/2z5x/dynamicbind_new/ligand_13.sdf,,0,True,True,True,True,True,True,True,True,True,True,True,True,False,True,True,True,True,True,True,True
data/results_bindingdb/posebusters/sdf/2z5x/dynamicbind_new/ligand_142.sdf,,0,True,True,True,True,True,True,True,True,True,True,True,True,True,True,True,True,True,True,True,True
data/results_bindingdb/posebusters/sdf/2z5x/dynamicbind_new/ligand_141.sdf,,0,True,True,True,True,True,True,True,True,True,True,True,True,True,True,True,True,True,True,True,True
data/results_bindingdb/posebusters/sdf/2z5x/dynamicbind_new/ligand_143.sdf,,0,True,True,True,True,True,True,True,True,True,True,True,True,False,True,True,True,False,True,True,True
data/results_bindingdb/posebusters/sdf/2z5x/dynamicbind_new/ligand_147.sdf,,0,True,True,True,True,True,True,True,True,True,True,True,True,False,True,True,True,True,True,True,True
data/results_bindingdb/posebusters/sdf/2z5x/dynamicbind_new/ligand_144.sdf,,0,True,True,True,True,True,True,True,True,True,True,True,True,False,True,True,True,False,True,True,True
data/results_bindingdb/posebusters/sdf/2z5x/dynamicbind_new/ligand_152.sdf,,0,True,True,True,True,True,True,True,True,True,True,True,True,False,True,True,True,False,True,True,True
data/results_bindingdb/posebusters/sdf/2z5x/dynamicbind_new/ligand_149.sdf,,0,True,True,True,True,True,True,True,True,True,True,True,True,False,True,True,True,True,True,True,True
data/results_bindingdb/posebusters/sdf/2z5x/dynamicbind_new/ligand_148.sdf,,0,True,True,True,True,True,True,True,True,True,True,True,True,False,True,True,True,True,True,True,True
data/results_bindingdb/posebusters/sdf/2z5x/dynamicbind_new/ligand_14.sdf,,0,True,True,True,True,True,True,True,True,True,True,True,True,False,True,True,True,True,True,True,True
data/results_bindingdb/posebusters/sdf/2z5x/dynamicbind_new/ligand_154.sdf,,0,True,True,True,True,True,True,True,True,True,True,True,True,False,True,True,True,True,True,True,True
data/results_bindingdb/posebusters/sdf/2z5x/dynamicbind_new/ligand_153.sdf,,0,True,True,True,True,True,True,True,True,True,True,True,True,True,True,True,True,True,True,True,True
data/results_bindingdb/posebusters/sdf/2z5x/dynamicbind_new/ligand_145.sdf,,0,True,True,True,True,True,True,True,True,True,True,True,True,False,True,True,True,True,True,True,True
data/results_bindingdb/posebusters/sdf/2z5x/dynamicbind_new/ligand_151.sdf,,0,True,True,True,True,True,True,True,True,True,True,True,True,False,True,True,True,False,True,True,True
data/results_bindingdb/posebusters/sdf/2z5x/dynamicbind_new/ligand_156.sdf,,0,True,True,True,True,True,True,True,True,True,True,True,True,False,True,True,True,False,True,True,True
data/results_bindingdb/posebusters/sdf/2z5x/dynamicbind_new/ligand_146.sdf,,0,True,True,True,True,True,True,True,True,True,True,True,True,False,True,True,True,True,True,True,True
data/results_bindingdb/posebusters/sdf/2z5x/dynamicbind_new/ligand_155.sdf,,0,True,True,True,True,True,True,True,True,True,True,True,True,False,True,True,True,False,True,True,True
data/results_bindingdb/posebusters/sdf/2z5x/dynamicbind_new/ligand_150.sdf,,0,True,True,True,True,True,True,True,True,True,True,True,True,False,True,True,True,True,True,True,True
data/results_bindingdb/posebusters/sdf/2z5x/dynamicbind_new/ligand_159.sdf,,0,True,True,True,True,True,True,True,True,True,True,True,True,True,True,True,True,True,True,True,True
data/results_bindingdb/posebusters/sdf/2z5x/dynamicbind_new/ligand_161.sdf,,0,True,True,True,True,True,True,True,True,True,True,True,True,False,True,True,True,True,True,True,True
data/results_bindingdb/posebusters/sdf/2z5x/dynamicbind_new/ligand_157.sdf,,0,True,True,True,True,True,True,True,True,True,True,True,True,True,True,True,True,True,True,True,True
data/results_bindingdb/posebusters/sdf/2z5x/dynamicbind_new/ligand_160.sdf,,0,True,True,True,True,True,True,True,True,True,True,True,True,True,True,True,True,True,True,True,True
data/results_bindingdb/posebusters/sdf/2z5x/dynamicbind_new/ligand_15.sdf,,0,True,True,True,True,True,True,True,True,True,True,True,True,False,True,True,True,True,True,True,True
data/results_bindingdb/posebusters/sdf/2z5x/dynamicbind_new/ligand_158.sdf,,0,True,True,True,True,True,True,True,True,True,True,True,True,False,True,True,True,True,True,True,True
data/results_bindingdb/posebusters/sdf/2z5x/dynamicbind_new/ligand_163.sdf,,0,True,True,True,True,True,True,True,True,True,True,True,True,True,True,True,True,True,True,True,True
data/results_bindingdb/posebusters/sdf/2z5x/dynamicbind_new/ligand_162.sdf,,0,True,True,True,True,True,True,True,True,True,True,True,True,True,True,True,True,True,True,True,True
data/results_bindingdb/posebusters/sdf/2z5x/dynamicbind_new/ligand_167.sdf,,0,True,True,True,True,True,True,True,True,True,True,True,True,False,True,True,True,False,True,True,True
data/results_bindingdb/posebusters/sdf/2z5x/dynamicbind_new/ligand_172.sdf,,0,True,True,True,True,True,True,True,True,True,True,True,True,False,True,True,True,True,True,True,True
data/results_bindingdb/posebusters/sdf/2z5x/dynamicbind_new/ligand_165.sdf,,0,True,True,True,True,True,True,True,True,True,True,True,True,False,True,True,True,True,True,True,True
data/results_bindingdb/posebusters/sdf/2z5x/dynamicbind_new/ligand_164.sdf,,0,True,True,True,True,True,True,True,True,True,True,True,True,True,True,True,True,True,True,True,True
data/results_bindingdb/posebusters/sdf/2z5x/dynamicbind_new/ligand_16.sdf,,0,True,True,True,True,True,True,True,True,True,True,True,True,True,True,True,True,True,True,True,True
data/results_bindingdb/posebusters/sdf/2z5x/dynamicbind_new/ligand_166.sdf,,0,True,True,True,True,True,True,True,True,True,True,True,True,True,True,True,True,True,True,True,True
data/results_bindingdb/posebusters/sdf/2z5x/dynamicbind_new/ligand_174.sdf,,0,True,True,True,True,True,True,True,True,True,True,True,True,True,True,True,True,True,True,True,True
data/results_bindingdb/posebusters/sdf/2z5x/dynamicbind_new/ligand_171.sdf,,0,True,True,True,True,True,True,True,True,True,True,True,True,True,True,True,True,True,True,True,True
data/results_bindingdb/posebusters/sdf/2z5x/dynamicbind_new/ligand_170.sdf,,0,True,True,True,True,True,True,True,True,True,True,True,True,False,True,True,True,False,True,True,True
data/results_bindingdb/posebusters/sdf/2z5x/dynamicbind_new/ligand_173.sdf,,0,True,True,True,True,True,True,True,True,True,True,True,True,False,True,True,True,True,True,True,True
data/results_bindingdb/posebusters/sdf/2z5x/dynamicbind_new/ligand_175.sdf,,0,True,True,True,True,True,True,True,True,True,True,True,True,False,True,True,True,True,True,True,True
data/results_bindingdb/posebusters/sdf/2z5x/dynamicbind_new/ligand_169.sdf,,0,True,True,True,True,True,True,True,True,True,True,True,True,False,True,True,True,True,True,True,True
data/results_bindingdb/posebusters/sdf/2z5x/dynamicbind_new/ligand_176.sdf,,0,True,True,True,True,True,True,True,True,True,True,True,True,True,True,True,True,True,True,True,True
data/results_bindingdb/posebusters/sdf/2z5x/dynamicbind_new/ligand_177.sdf,,0,True,True,True,True,True,True,True,True,True,True,True,True,False,True,True,True,False,True,True,True
data/results_bindingdb/posebusters/sdf/2z5x/dynamicbind_new/ligand_17.sdf,,0,True,True,True,True,True,True,True,True,True,True,True,True,False,True,True,True,True,True,True,True
data/results_bindingdb/posebusters/sdf/2z5x/dynamicbind_new/ligand_179.sdf,,0,True,True,True,True,True,True,True,True,True,True,True,True,False,True,True,True,False,True,True,True
data/results_bindingdb/posebusters/sdf/2z5x/dynamicbind_new/ligand_180.sdf,,0,True,True,True,True,True,True,True,True,True,True,True,True,False,True,True,True,True,True,True,True
data/results_bindingdb/posebusters/sdf/2z5x/dynamicbind_new/ligand_182.sdf,,0,True,True,True,True,True,True,True,True,True,True,True,True,False,True,True,True,False,True,True,True
data/results_bindingdb/posebusters/sdf/2z5x/dynamicbind_new/ligand_178.sdf,,0,True,True,True,True,True,True,True,True,True,True,True,True,False,True,True,True,True,True,True,True
data/results_bindingdb/posebusters/sdf/2z5x/dynamicbind_new/ligand_181.sdf,,0,True,True,True,True,True,True,True,True,True,True,True,True,False,True,True,True,False,True,True,True
data/results_bindingdb/posebusters/sdf/2z5x/dynamicbind_new/ligand_183.sdf,,0,True,True,True,True,True,True,True,True,True,True,True,True,False,True,True,True,False,True,True,True
data/results_bindingdb/posebusters/sdf/2z5x/dynamicbind_new/ligand_187.sdf,,0,True,True,True,True,True,True,True,True,True,True,True,True,False,True,True,True,False,True,True,True
data/results_bindingdb/posebusters/sdf/2z5x/dynamicbind_new/ligand_186.sdf,,0,True,True,True,True,True,True,True,True,True,True,True,True,False,True,True,True,True,True,True,True
data/results_bindingdb/posebusters/sdf/2z5x/dynamicbind_new/ligand_190.sdf,,0,True,True,True,True,True,True,True,True,True,True,True,True,False,True,True,True,False,True,True,True
data/results_bindingdb/posebusters/sdf/2z5x/dynamicbind_new/ligand_185.sdf,,0,True,True,True,True,True,True,True,True,True,True,True,True,False,True,True,True,False,True,True,True
data/results_bindingdb/posebusters/sdf/2z5x/dynamicbind_new/ligand_18.sdf,,0,True,True,True,True,True,True,True,True,True,True,True,True,True,True,True,True,True,True,True,True
data/results_bindingdb/posebusters/sdf/2z5x/dynamicbind_new/ligand_193.sdf,,0,True,True,True,True,True,True,True,True,True,True,True,True,False,True,True,True,False,True,True,True
data/results_bindingdb/posebusters/sdf/2z5x/dynamicbind_new/ligand_189.sdf,,0,True,True,True,True,True,True,True,True,True,True,True,True,False,True,True,True,True,True,True,True
data/results_bindingdb/posebusters/sdf/2z5x/dynamicbind_new/ligand_194.sdf,,0,True,True,True,True,True,True,True,True,True,True,True,True,False,True,True,True,True,True,True,True
data/results_bindingdb/posebusters/sdf/2z5x/dynamicbind_new/ligand_196.sdf,,0,True,True,True,True,True,True,True,True,True,True,True,True,False,True,True,True,True,True,True,True
data/results_bindingdb/posebusters/sdf/2z5x/dynamicbind_new/ligand_191.sdf,,0,True,True,True,True,True,True,True,True,True,True,True,True,False,True,True,True,False,True,True,True
data/results_bindingdb/posebusters/sdf/2z5x/dynamicbind_new/ligand_184.sdf,,0,True,True,True,True,True,True,True,True,True,True,True,True,False,True,True,True,False,True,True,True
data/results_bindingdb/posebusters/sdf/2z5x/dynamicbind_new/ligand_195.sdf,,0,True,True,True,True,True,True,True,True,True,True,True,True,False,True,True,True,False,True,True,True
data/results_bindingdb/posebusters/sdf/2z5x/dynamicbind_new/ligand_197.sdf,,0,True,True,True,True,True,True,True,True,True,True,True,True,True,True,True,True,True,True,True,True
data/results_bindingdb/posebusters/sdf/2z5x/dynamicbind_new/ligand_192.sdf,,0,True,True,True,True,True,True,True,True,True,True,True,True,True,True,True,True,True,True,True,True
data/results_bindingdb/posebusters/sdf/2z5x/dynamicbind_new/ligand_188.sdf,,0,True,True,True,True,True,True,True,True,True,True,True,True,False,True,True,True,False,True,True,True
data/results_bindingdb/posebusters/sdf/2z5x/dynamicbind_new/ligand_19.sdf,,0,True,True,True,True,True,True,True,True,True,True,True,True,True,True,True,True,True,True,True,True
data/results_bindingdb/posebusters/sdf/2z5x/dynamicbind_new/ligand_1.sdf,,0,True,True,True,True,True,True,True,True,True,True,True,True,False,True,True,True,False,True,True,True
data/results_bindingdb/posebusters/sdf/2z5x/dynamicbind_new/ligand_202.sdf,,0,True,True,True,True,True,True,True,True,True,True,True,True,False,True,True,True,False,True,True,True
data/results_bindingdb/posebusters/sdf/2z5x/dynamicbind_new/ligand_198.sdf,,0,True,True,True,True,True,True,True,True,True,True,True,True,False,True,True,True,True,True,True,True
data/results_bindingdb/posebusters/sdf/2z5x/dynamicbind_new/ligand_200.sdf,,0,True,True,True,True,True,True,True,True,True,True,True,True,False,True,True,True,True,True,True,True
data/results_bindingdb/posebusters/sdf/2z5x/dynamicbind_new/ligand_201.sdf,,0,True,True,True,True,True,True,True,True,True,True,True,True,False,True,True,True,True,True,True,True
data/results_bindingdb/posebusters/sdf/2z5x/dynamicbind_new/ligand_203.sdf,,0,True,True,True,True,True,True,True,True,True,True,True,True,True,True,True,True,True,True,True,True
data/results_bindingdb/posebusters/sdf/2z5x/dynamicbind_new/ligand_204.sdf,,0,True,True,True,True,True,True,True,True,True,True,True,True,True,True,True,True,True,True,True,True
data/results_bindingdb/posebusters/sdf/2z5x/dynamicbind_new/ligand_210.sdf,,0,True,True,True,True,True,True,True,True,True,True,True,True,False,True,True,True,False,True,True,True
data/results_bindingdb/posebusters/sdf/2z5x/dynamicbind_new/ligand_208.sdf,,0,True,True,True,True,True,True,True,True,True,True,True,True,True,True,True,True,True,True,True,True
data/results_bindingdb/posebusters/sdf/2z5x/dynamicbind_new/ligand_205.sdf,,0,True,True,True,True,True,True,True,True,True,True,True,True,True,True,True,True,True,True,True,True
data/results_bindingdb/posebusters/sdf/2z5x/dynamicbind_new/ligand_199.sdf,,0,True,True,True,True,True,True,True,True,True,True,True,True,False,True,True,True,True,True,True,True
data/results_bindingdb/posebusters/sdf/2z5x/dynamicbind_new/ligand_209.sdf,,0,True,True,True,True,True,True,True,True,True,True,True,True,False,True,True,True,False,True,True,True
data/results_bindingdb/posebusters/sdf/2z5x/dynamicbind_new/ligand_207.sdf,,0,True,True,True,True,True,True,True,True,True,True,True,True,True,True,True,True,True,True,True,True
data/results_bindingdb/posebusters/sdf/2z5x/dynamicbind_new/ligand_206.sdf,,0,True,True,True,True,True,True,True,True,True,True,True,True,True,True,True,True,True,True,True,True
data/results_bindingdb/posebusters/sdf/2z5x/dynamicbind_new/ligand_20.sdf,,0,True,True,True,True,True,True,True,True,True,True,True,True,False,True,True,True,False,True,True,True
data/results_bindingdb/posebusters/sdf/2z5x/dynamicbind_new/ligand_211.sdf,,0,True,True,True,True,True,True,True,True,True,True,True,True,True,True,True,True,True,True,True,True
data/results_bindingdb/posebusters/sdf/2z5x/dynamicbind_new/ligand_212.sdf,,0,True,True,True,True,True,True,True,True,True,True,True,True,True,True,True,True,True,True,True,True
data/results_bindingdb/posebusters/sdf/2z5x/dynamicbind_new/ligand_215.sdf,,0,True,True,True,True,True,True,True,True,True,True,True,True,False,True,True,True,True,True,True,True
data/results_bindingdb/posebusters/sdf/2z5x/dynamicbind_new/ligand_213.sdf,,0,True,True,True,True,True,True,True,True,True,True,True,True,True,True,True,True,True,True,True,True
data/results_bindingdb/posebusters/sdf/2z5x/dynamicbind_new/ligand_222.sdf,,0,True,True,True,True,True,True,True,True,True,True,True,True,False,True,True,True,True,True,True,True
data/results_bindingdb/posebusters/sdf/2z5x/dynamicbind_new/ligand_221.sdf,,0,True,True,True,True,True,True,True,True,True,True,True,True,True,True,True,True,True,True,True,True
data/results_bindingdb/posebusters/sdf/2z5x/dynamicbind_new/ligand_223.sdf,,0,True,True,True,True,True,True,True,True,True,True,True,True,False,True,True,True,False,True,True,True
data/results_bindingdb/posebusters/sdf/2z5x/dynamicbind_new/ligand_216.sdf,,0,True,True,True,True,True,True,True,True,True,True,True,True,False,True,True,True,False,True,True,True
data/results_bindingdb/posebusters/sdf/2z5x/dynamicbind_new/ligand_218.sdf,,0,True,True,True,True,True,True,True,True,True,True,True,True,False,True,True,True,True,True,True,True
data/results_bindingdb/posebusters/sdf/2z5x/dynamicbind_new/ligand_217.sdf,,0,True,True,True,True,True,True,True,True,True,True,True,True,False,True,True,True,False,True,True,True
data/results_bindingdb/posebusters/sdf/2z5x/dynamicbind_new/ligand_21.sdf,,0,True,True,True,True,True,True,True,True,True,True,True,True,False,True,True,True,True,True,True,True
data/results_bindingdb/posebusters/sdf/2z5x/dynamicbind_new/ligand_224.sdf,,0,True,True,True,True,True,True,True,True,True,True,True,True,False,True,True,True,True,True,True,True
data/results_bindingdb/posebusters/sdf/2z5x/dynamicbind_new/ligand_214.sdf,,0,True,True,True,True,True,True,True,True,True,True,True,True,False,True,True,True,False,True,True,True
data/results_bindingdb/posebusters/sdf/2z5x/dynamicbind_new/ligand_225.sdf,,0,True,True,True,True,True,True,True,True,True,True,True,True,True,True,True,True,True,True,True,True
data/results_bindingdb/posebusters/sdf/2z5x/dynamicbind_new/ligand_219.sdf,,0,True,True,True,True,True,True,True,True,True,True,True,True,False,True,True,True,True,True,True,True
data/results_bindingdb/posebusters/sdf/2z5x/dynamicbind_new/ligand_220.sdf,,0,True,True,True,True,True,True,True,True,True,True,True,True,True,True,True,True,True,True,True,True
data/results_bindingdb/posebusters/sdf/2z5x/dynamicbind_new/ligand_226.sdf,,0,True,True,True,True,True,True,True,True,True,True,True,True,False,True,True,True,True,True,True,True
data/results_bindingdb/posebusters/sdf/2z5x/dynamicbind_new/ligand_227.sdf,,0,True,True,True,True,True,True,True,True,True,True,True,True,False,True,True,True,False,True,True,True
data/results_bindingdb/posebusters/sdf/2z5x/dynamicbind_new/ligand_231.sdf,,0,True,True,True,True,True,True,True,True,True,True,True,True,True,True,True,True,True,True,True,True
data/results_bindingdb/posebusters/sdf/2z5x/dynamicbind_new/ligand_234.sdf,,0,True,True,True,True,True,True,True,True,True,True,True,True,False,True,True,True,False,True,True,True
data/results_bindingdb/posebusters/sdf/2z5x/dynamicbind_new/ligand_230.sdf,,0,True,True,True,True,True,True,True,True,True,True,True,True,False,True,True,True,False,True,True,True
data/results_bindingdb/posebusters/sdf/2z5x/dynamicbind_new/ligand_235.sdf,,0,True,True,True,True,True,True,True,True,True,True,True,True,False,True,True,True,False,True,True,True
data/results_bindingdb/posebusters/sdf/2z5x/dynamicbind_new/ligand_22.sdf,,0,True,True,True,True,True,True,True,True,True,True,True,True,False,True,True,True,True,True,True,True
data/results_bindingdb/posebusters/sdf/2z5x/dynamicbind_new/ligand_228.sdf,,0,True,True,True,True,True,True,True,True,True,True,True,True,False,True,True,True,True,True,True,True
data/results_bindingdb/posebusters/sdf/2z5x/dynamicbind_new/ligand_233.sdf,,0,True,True,True,True,True,True,True,True,True,True,True,True,False,True,True,True,True,True,True,True
data/results_bindingdb/posebusters/sdf/2z5x/dynamicbind_new/ligand_232.sdf,,0,True,True,True,True,True,True,True,True,True,True,True,True,False,True,True,True,False,True,True,True
data/results_bindingdb/posebusters/sdf/2z5x/dynamicbind_new/ligand_229.sdf,,0,True,True,True,True,True,True,True,True,True,True,True,True,False,True,True,True,True,True,True,True
data/results_bindingdb/posebusters/sdf/2z5x/dynamicbind_new/ligand_237.sdf,,0,True,True,True,True,True,True,True,True,True,True,True,True,False,True,True,True,True,True,True,True
data/results_bindingdb/posebusters/sdf/2z5x/dynamicbind_new/ligand_236.sdf,,0,True,True,True,True,True,True,True,True,True,True,True,True,False,True,True,True,True,True,True,True
data/results_bindingdb/posebusters/sdf/2z5x/dynamicbind_new/ligand_238.sdf,,0,True,True,True,True,True,True,True,True,True,True,True,True,False,True,True,True,False,True,True,True
data/results_bindingdb/posebusters/sdf/2z5x/dynamicbind_new/ligand_23.sdf,,0,True,True,True,True,True,True,True,True,True,True,True,True,False,True,True,True,False,True,True,True
data/results_bindingdb/posebusters/sdf/2z5x/dynamicbind_new/ligand_241.sdf,,0,True,True,True,True,True,True,True,True,True,True,True,True,False,True,True,True,False,True,True,True
data/results_bindingdb/posebusters/sdf/2z5x/dynamicbind_new/ligand_240.sdf,,0,True,True,True,True,True,True,True,True,True,True,True,True,False,True,True,True,True,True,True,True
data/results_bindingdb/posebusters/sdf/2z5x/dynamicbind_new/ligand_239.sdf,,0,True,True,True,True,True,True,True,True,True,True,True,True,False,True,True,True,True,True,True,True
data/results_bindingdb/posebusters/sdf/2z5x/dynamicbind_new/ligand_243.sdf,,0,True,True,True,True,True,True,True,True,True,True,True,True,True,True,True,True,True,True,True,True
data/results_bindingdb/posebusters/sdf/2z5x/dynamicbind_new/ligand_244.sdf,,0,True,True,True,True,True,True,True,True,True,True,True,True,True,True,True,True,True,True,True,True
data/results_bindingdb/posebusters/sdf/2z5x/dynamicbind_new/ligand_242.sdf,,0,True,True,True,True,True,True,True,True,True,True,True,True,False,True,True,True,False,True,True,True
data/results_bindingdb/posebusters/sdf/2z5x/dynamicbind_new/ligand_25.sdf,,0,True,True,True,True,True,True,True,True,True,True,True,True,False,True,True,True,True,True,True,True
data/results_bindingdb/posebusters/sdf/2z5x/dynamicbind_new/ligand_27.sdf,,0,True,True,True,True,True,True,True,True,True,True,True,True,False,True,True,True,False,True,True,True
data/results_bindingdb/posebusters/sdf/2z5x/dynamicbind_new/ligand_245.sdf,,0,True,True,True,True,True,True,True,True,True,True,True,True,True,True,True,True,True,True,True,True
data/results_bindingdb/posebusters/sdf/2z5x/dynamicbind_new/ligand_28.sdf,,0,True,True,True,True,True,True,True,True,True,True,True,True,False,True,True,True,True,True,True,True
data/results_bindingdb/posebusters/sdf/2z5x/dynamicbind_new/ligand_2.sdf,,0,True,True,True,True,False,True,True,False,True,True,True,True,False,True,True,True,True,True,True,True
data/results_bindingdb/posebusters/sdf/2z5x/dynamicbind_new/ligand_24.sdf,,0,True,True,True,True,True,True,True,True,True,True,True,True,False,True,True,True,False,True,True,True
data/results_bindingdb/posebusters/sdf/2z5x/dynamicbind_new/ligand_29.sdf,,0,True,True,True,True,True,True,True,True,True,True,True,True,False,True,True,True,True,True,True,True
data/results_bindingdb/posebusters/sdf/2z5x/dynamicbind_new/ligand_26.sdf,,0,True,True,True,True,True,True,True,True,True,True,True,True,False,True,True,True,True,True,True,True
data/results_bindingdb/posebusters/sdf/2z5x/dynamicbind_new/ligand_30.sdf,,0,True,True,True,True,True,True,True,True,True,True,True,True,False,True,True,True,True,True,True,True
data/results_bindingdb/posebusters/sdf/2z5x/dynamicbind_new/ligand_31.sdf,,0,True,True,True,True,True,True,True,True,True,True,True,True,True,True,True,True,True,True,True,True
data/results_bindingdb/posebusters/sdf/2z5x/dynamicbind_new/ligand_32.sdf,,0,True,True,True,True,True,True,True,True,True,True,True,True,False,True,True,True,True,True,True,True
data/results_bindingdb/posebusters/sdf/2z5x/dynamicbind_new/ligand_34.sdf,,0,True,True,True,True,True,True,True,True,True,True,True,True,True,True,True,True,True,True,True,True
data/results_bindingdb/posebusters/sdf/2z5x/dynamicbind_new/ligand_35.sdf,,0,True,True,True,True,True,True,True,True,True,True,True,True,False,True,True,True,True,True,True,True
data/results_bindingdb/posebusters/sdf/2z5x/dynamicbind_new/ligand_33.sdf,,0,True,True,True,True,True,True,True,True,True,True,True,True,False,True,True,True,True,True,True,True
data/results_bindingdb/posebusters/sdf/2z5x/dynamicbind_new/ligand_37.sdf,,0,True,True,True,True,True,True,True,True,True,True,True,True,False,True,True,True,False,True,True,True
data/results_bindingdb/posebusters/sdf/2z5x/dynamicbind_new/ligand_38.sdf,,0,True,True,True,True,True,True,True,True,True,True,True,True,False,True,True,True,True,True,True,True
data/results_bindingdb/posebusters/sdf/2z5x/dynamicbind_new/ligand_3.sdf,,0,True,True,True,True,True,True,True,True,True,True,True,True,False,True,True,True,False,True,True,True
data/results_bindingdb/posebusters/sdf/2z5x/dynamicbind_new/ligand_43.sdf,,0,True,True,True,True,True,True,True,True,True,True,True,True,False,True,True,True,True,True,True,True
data/results_bindingdb/posebusters/sdf/2z5x/dynamicbind_new/ligand_39.sdf,,0,True,True,True,True,True,True,True,True,True,True,True,True,False,True,True,True,False,True,True,True
data/results_bindingdb/posebusters/sdf/2z5x/dynamicbind_new/ligand_41.sdf,,0,True,True,True,True,True,True,True,True,True,True,True,True,True,True,True,True,True,True,True,True
data/results_bindingdb/posebusters/sdf/2z5x/dynamicbind_new/ligand_42.sdf,,0,True,True,True,True,True,True,True,True,True,True,True,True,False,True,True,True,True,True,True,True
data/results_bindingdb/posebusters/sdf/2z5x/dynamicbind_new/ligand_36.sdf,,0,True,True,True,True,True,True,True,True,True,True,True,True,False,True,True,True,True,True,True,True
data/results_bindingdb/posebusters/sdf/2z5x/dynamicbind_new/ligand_40.sdf,,0,True,True,True,True,True,True,True,True,True,True,True,True,False,True,True,True,True,True,True,True
data/results_bindingdb/posebusters/sdf/2z5x/dynamicbind_new/ligand_4.sdf,,0,True,True,True,True,True,True,True,True,True,True,True,True,False,True,True,True,True,True,True,True
data/results_bindingdb/posebusters/sdf/2z5x/dynamicbind_new/ligand_46.sdf,,0,True,True,True,True,True,True,True,True,True,True,True,True,True,True,True,True,True,True,True,True
data/results_bindingdb/posebusters/sdf/2z5x/dynamicbind_new/ligand_45.sdf,,0,True,True,True,True,True,True,True,True,True,True,True,True,True,True,True,True,True,True,True,True
data/results_bindingdb/posebusters/sdf/2z5x/dynamicbind_new/ligand_48.sdf,,0,True,True,True,True,True,True,True,True,True,True,True,True,False,True,True,True,True,True,True,True
data/results_bindingdb/posebusters/sdf/2z5x/dynamicbind_new/ligand_50.sdf,,0,True,True,True,True,True,True,True,True,True,True,True,True,False,True,True,True,True,True,True,True
data/results_bindingdb/posebusters/sdf/2z5x/dynamicbind_new/ligand_47.sdf,,0,True,True,True,True,True,True,True,True,True,True,True,True,False,True,True,True,True,True,True,True
data/results_bindingdb/posebusters/sdf/2z5x/dynamicbind_new/ligand_44.sdf,,0,True,True,True,True,True,True,True,True,True,True,True,True,False,True,True,True,True,True,True,True
data/results_bindingdb/posebusters/sdf/2z5x/dynamicbind_new/ligand_51.sdf,,0,True,True,True,True,True,True,True,True,True,True,True,True,False,True,True,True,True,True,True,True
data/results_bindingdb/posebusters/sdf/2z5x/dynamicbind_new/ligand_52.sdf,,0,True,True,True,True,True,True,True,True,True,True,True,True,False,True,True,True,False,True,True,True
data/results_bindingdb/posebusters/sdf/2z5x/dynamicbind_new/ligand_49.sdf,,0,True,True,True,True,True,True,True,True,True,True,True,True,False,True,True,True,False,True,True,True
data/results_bindingdb/posebusters/sdf/2z5x/dynamicbind_new/ligand_53.sdf,,0,True,True,True,True,True,True,True,True,True,True,True,True,False,True,True,True,True,True,True,True
data/results_bindingdb/posebusters/sdf/2z5x/dynamicbind_new/ligand_57.sdf,,0,True,True,True,True,True,True,True,True,True,True,True,True,False,True,True,True,False,True,True,True
data/results_bindingdb/posebusters/sdf/2z5x/dynamicbind_new/ligand_54.sdf,,0,True,True,True,True,True,True,True,True,True,True,True,True,False,True,True,True,True,True,True,True
data/results_bindingdb/posebusters/sdf/2z5x/dynamicbind_new/ligand_55.sdf,,0,True,True,True,True,True,True,True,True,True,True,True,True,False,True,True,True,False,True,True,True
data/results_bindingdb/posebusters/sdf/2z5x/dynamicbind_new/ligand_60.sdf,,0,True,True,True,True,True,True,True,True,True,True,True,True,False,True,True,True,False,True,True,True
data/results_bindingdb/posebusters/sdf/2z5x/dynamicbind_new/ligand_58.sdf,,0,True,True,True,True,True,True,True,True,True,True,True,True,False,True,True,True,False,True,True,True
data/results_bindingdb/posebusters/sdf/2z5x/dynamicbind_new/ligand_5.sdf,,0,True,True,True,True,True,True,True,True,True,True,True,True,False,True,True,True,False,True,True,True
data/results_bindingdb/posebusters/sdf/2z5x/dynamicbind_new/ligand_61.sdf,,0,True,True,True,True,True,True,True,True,True,True,True,True,False,True,True,True,False,True,True,True
data/results_bindingdb/posebusters/sdf/2z5x/dynamicbind_new/ligand_62.sdf,,0,True,True,True,True,True,True,True,True,True,True,True,True,False,True,True,True,False,True,True,True
data/results_bindingdb/posebusters/sdf/2z5x/dynamicbind_new/ligand_56.sdf,,0,True,True,True,True,True,True,True,True,True,True,True,True,True,True,True,True,True,True,True,True
data/results_bindingdb/posebusters/sdf/2z5x/dynamicbind_new/ligand_65.sdf,,0,True,True,True,True,True,True,True,True,True,True,True,True,False,True,True,True,False,True,True,True
data/results_bindingdb/posebusters/sdf/2z5x/dynamicbind_new/ligand_59.sdf,,0,True,True,True,True,True,True,True,True,True,True,True,True,False,True,True,True,True,True,True,True
data/results_bindingdb/posebusters/sdf/2z5x/dynamicbind_new/ligand_64.sdf,,0,True,True,True,True,True,True,True,True,True,True,True,True,False,True,True,True,True,True,True,True
data/results_bindingdb/posebusters/sdf/2z5x/dynamicbind_new/ligand_66.sdf,,0,True,True,True,True,True,True,True,True,True,True,True,True,False,True,True,True,True,True,True,True
data/results_bindingdb/posebusters/sdf/2z5x/dynamicbind_new/ligand_63.sdf,,0,True,True,True,True,True,True,True,True,True,True,True,True,False,True,True,True,True,True,True,True
data/results_bindingdb/posebusters/sdf/2z5x/dynamicbind_new/ligand_68.sdf,,0,True,True,True,True,True,True,True,True,True,True,True,True,False,True,True,True,False,True,True,True
data/results_bindingdb/posebusters/sdf/2z5x/dynamicbind_new/ligand_67.sdf,,0,True,True,True,True,True,True,True,True,True,True,True,True,False,True,True,True,False,True,True,True
data/results_bindingdb/posebusters/sdf/2z5x/dynamicbind_new/ligand_71.sdf,,0,True,True,True,True,True,True,True,True,True,True,True,True,False,True,True,True,False,True,True,True
data/results_bindingdb/posebusters/sdf/2z5x/dynamicbind_new/ligand_6.sdf,,0,True,True,True,True,True,True,True,True,True,True,True,True,True,True,True,True,True,True,True,True
data/results_bindingdb/posebusters/sdf/2z5x/dynamicbind_new/ligand_76.sdf,,0,True,True,True,True,True,True,True,True,True,True,True,True,False,True,True,True,False,True,True,True
data/results_bindingdb/posebusters/sdf/2z5x/dynamicbind_new/ligand_74.sdf,,0,True,True,True,True,True,True,True,True,True,True,True,True,False,True,True,True,False,True,True,True
data/results_bindingdb/posebusters/sdf/2z5x/dynamicbind_new/ligand_77.sdf,,0,True,True,True,True,True,True,True,True,True,True,True,True,False,True,True,True,False,True,True,True
data/results_bindingdb/posebusters/sdf/2z5x/dynamicbind_new/ligand_73.sdf,,0,True,True,True,True,True,True,True,True,True,True,True,True,False,True,True,True,True,True,True,True
data/results_bindingdb/posebusters/sdf/2z5x/dynamicbind_new/ligand_75.sdf,,0,True,True,True,True,True,True,True,True,True,True,True,True,False,True,True,True,True,True,True,True
data/results_bindingdb/posebusters/sdf/2z5x/dynamicbind_new/ligand_69.sdf,,0,True,True,True,True,True,True,True,True,True,True,True,True,False,True,True,True,False,True,True,True
data/results_bindingdb/posebusters/sdf/2z5x/dynamicbind_new/ligand_70.sdf,,0,True,True,True,True,True,True,True,True,True,True,True,True,False,True,True,True,False,True,True,True
data/results_bindingdb/posebusters/sdf/2z5x/dynamicbind_new/ligand_79.sdf,,0,True,True,True,True,True,True,True,True,True,True,True,True,False,True,True,True,True,True,True,True
data/results_bindingdb/posebusters/sdf/2z5x/dynamicbind_new/ligand_7.sdf,,0,True,True,True,True,True,True,True,True,True,True,True,True,False,True,True,True,False,True,True,True
data/results_bindingdb/posebusters/sdf/2z5x/dynamicbind_new/ligand_78.sdf,,0,True,True,True,True,True,True,True,True,True,True,True,True,False,True,True,True,False,True,True,True
data/results_bindingdb/posebusters/sdf/2z5x/dynamicbind_new/ligand_72.sdf,,0,True,True,True,True,True,True,True,True,True,True,True,True,False,True,True,True,False,True,True,True
data/results_bindingdb/posebusters/sdf/2z5x/dynamicbind_new/ligand_80.sdf,,0,True,True,True,True,True,True,True,True,True,True,True,True,False,True,True,True,False,True,True,True
data/results_bindingdb/posebusters/sdf/2z5x/dynamicbind_new/ligand_82.sdf,,0,True,True,True,True,True,True,True,True,True,True,True,True,True,True,True,True,True,True,True,True
data/results_bindingdb/posebusters/sdf/2z5x/dynamicbind_new/ligand_81.sdf,,0,True,True,True,True,True,True,True,True,True,True,True,True,False,True,True,True,False,True,True,True
data/results_bindingdb/posebusters/sdf/2z5x/dynamicbind_new/ligand_84.sdf,,0,True,True,True,True,True,True,True,True,True,True,True,True,False,True,True,True,False,True,True,True
data/results_bindingdb/posebusters/sdf/2z5x/dynamicbind_new/ligand_83.sdf,,0,True,True,True,True,True,True,True,True,True,True,True,True,False,True,True,True,False,True,True,True
data/results_bindingdb/posebusters/sdf/2z5x/dynamicbind_new/ligand_86.sdf,,0,True,True,True,True,True,True,True,True,True,True,True,True,True,True,True,True,True,True,True,True
data/results_bindingdb/posebusters/sdf/2z5x/dynamicbind_new/ligand_87.sdf,,0,True,True,True,True,True,True,True,True,True,True,True,True,True,True,True,True,True,True,True,True
data/results_bindingdb/posebusters/sdf/2z5x/dynamicbind_new/ligand_85.sdf,,0,True,True,True,True,True,True,True,True,True,True,True,True,False,True,True,True,False,True,True,True
data/results_bindingdb/posebusters/sdf/2z5x/dynamicbind_new/ligand_90.sdf,,0,True,True,True,True,True,True,True,True,True,True,True,True,False,True,True,True,False,True,True,True
data/results_bindingdb/posebusters/sdf/2z5x/dynamicbind_new/ligand_88.sdf,,0,True,True,True,True,True,True,True,True,True,True,True,True,False,True,True,True,True,True,True,True
data/results_bindingdb/posebusters/sdf/2z5x/dynamicbind_new/ligand_92.sdf,,0,True,True,True,True,True,True,True,True,True,True,True,True,False,True,True,True,False,True,True,True
data/results_bindingdb/posebusters/sdf/2z5x/dynamicbind_new/ligand_96.sdf,,0,True,True,True,True,True,True,True,True,True,True,True,True,False,True,True,True,False,True,True,True
data/results_bindingdb/posebusters/sdf/2z5x/dynamicbind_new/ligand_8.sdf,,0,True,True,True,True,True,True,True,True,True,True,True,True,False,True,True,True,False,True,True,True
data/results_bindingdb/posebusters/sdf/2z5x/dynamicbind_new/ligand_89.sdf,,0,True,True,True,True,True,True,True,True,True,True,True,True,False,True,True,True,False,True,True,True
data/results_bindingdb/posebusters/sdf/2z5x/dynamicbind_new/ligand_9.sdf,,0,True,True,True,True,True,True,True,True,True,True,True,True,False,True,True,True,False,True,True,True
data/results_bindingdb/posebusters/sdf/2z5x/dynamicbind_new/ligand_91.sdf,,0,True,True,True,True,True,True,True,True,True,True,True,True,False,True,True,True,True,True,True,True
data/results_bindingdb/posebusters/sdf/2z5x/dynamicbind_new/ligand_99.sdf,,0,True,True,True,True,True,True,True,True,True,True,True,True,False,True,True,True,False,True,True,True
data/results_bindingdb/posebusters/sdf/2z5x/dynamicbind_new/ligand_95.sdf,,0,True,True,True,True,True,True,True,True,True,True,True,True,False,True,True,True,False,True,True,True
data/results_bindingdb/posebusters/sdf/2z5x/dynamicbind_new/ligand_93.sdf,,0,True,True,True,True,True,True,True,True,True,True,True,True,True,True,True,True,True,True,True,True
data/results_bindingdb/posebusters/sdf/2z5x/dynamicbind_new/ligand_97.sdf,,0,True,True,True,True,True,True,True,True,True,True,True,True,False,True,True,True,False,True,True,True
data/results_bindingdb/posebusters/sdf/2z5x/dynamicbind_new/ligand_98.sdf,,0,True,True,True,True,True,True,True,True,True,True,True,True,False,True,True,True,True,True,True,True
data/results_bindingdb/posebusters/sdf/2z5x/dynamicbind_new/ligand_94.sdf,,0,True,True,True,True,True,True,True,True,True,True,True,True,False,True,True,True,False,True,True,True
